Term	Genes	FDR	Category	Description
HP:0002664	NFKB1,CCND1,GLI1,TWIST1,SOX9,JAG1,KRAS,CDH1,WNT5A,STAT3,TP53,ERBB2,NOTCH1,SHH,HNF4A,FGF8,SOX2,WT1,SMAD4,CTNNB1,ACTB,NF1,MTOR,PTEN,SRC,TGFBR1,SNAI2,BCL2,FGFR1,ESR1,CDKN2A,AKT1,MYC	7.29e-24	HPO	Neoplasm
HP:0011793	NFKB1,CCND1,GLI1,TWIST1,SOX9,JAG1,KRAS,CDH1,WNT5A,STAT3,TP53,ERBB2,NOTCH1,SHH,HNF4A,FGF8,SOX2,WT1,SMAD4,CTNNB1,NF1,MTOR,PTEN,SRC,SNAI2,BCL2,FGFR1,ESR1,CDKN2A,AKT1,MYC	4.66e-22	HPO	Neoplasm by anatomical site
HP:0001574	MAPK1,NFKB1,GLI1,TWIST1,BMP4,SOX9,JAG1,KRAS,CDH1,SMAD2,WNT5A,STAT3,IGF1R,CDH2,TP53,NOTCH1,PPARG,SHH,WNT10B,FOS,HNF4A,FGF8,SOX2,SMAD3,SMAD4,CTNNB1,ACTB,NF1,MTOR,RUNX2,PTEN,TGFBR1,BMP2,SNAI2,BCL2,FGFR1,RHOA,PAX6,ESR1,CDKN2A,PROM1,AKT1,GFAP	8.13e-20	HPO	Abnormality of the integument
HP:0011121	MAPK1,NFKB1,GLI1,TWIST1,BMP4,SOX9,JAG1,KRAS,CDH1,SMAD2,WNT5A,STAT3,IGF1R,TP53,NOTCH1,PPARG,WNT10B,FOS,HNF4A,FGF8,SOX2,SMAD3,SMAD4,CTNNB1,ACTB,NF1,MTOR,PTEN,TGFBR1,SNAI2,FGFR1,RHOA,PAX6,ESR1,CDKN2A,PROM1,AKT1,GFAP	1.48e-19	HPO	Abnormality of skin morphology
HP:0011842	MAPK1,NFKB1,GLI1,TWIST1,BMP4,SOX9,JAG1,KRAS,CDH1,SMAD2,WNT5A,STAT3,IGF1R,CDH2,TP53,ERBB2,NOTCH1,PPARG,WNT1,SHH,WNT10B,FOS,HNF4A,FGF8,SOX2,WT1,SMAD3,SMAD4,CTNNB1,ACTB,NF1,MTOR,RUNX2,PTEN,SRC,DKK1,TGFBR1,BMP2,SNAI2,FGFR1,RHOA,ESR1,AKT1,GFAP	5.98e-19	HPO	Abnormal skeletal morphology
HP:0001507	MAPK1,NFKB1,CCND1,GLI1,TWIST1,BMP4,SOX9,JAG1,KRAS,SMAD2,WNT5A,STAT3,IGF1R,TP53,ERBB2,NOTCH1,PPARG,WNT1,SHH,FOS,HNF4A,FGF8,SOX2,WT1,SMAD3,SMAD4,CTNNB1,ACTB,NF1,MTOR,RUNX2,PTEN,TGFBR1,BMP2,FGFR1,PAX6,ESR1,PROM1,AKT1,GFAP	1.06e-17	HPO	Growth abnormality
HP:0002597	MAPK1,NFKB1,CCND1,TWIST1,JAG1,KRAS,SMAD2,WNT5A,STAT3,CDH2,TP53,NOTCH1,PPARG,WNT1,SHH,FOS,FGF8,SOX2,WT1,SMAD3,SMAD4,CTNNB1,ACTB,NF1,MTOR,PTEN,TGFBR1,BMP2,SNAI2,FGFR1,PAX6,ESR1,CDKN2A,PROM1,AKT1,MYC	1.61e-17	HPO	Abnormality of the vasculature
HP:0000234	MAPK1,NFKB1,GLI1,TWIST1,BMP4,SOX9,JAG1,KRAS,POU5F1,CDH1,SMAD2,WNT5A,STAT3,IGF1R,CDH2,TP53,NOTCH1,PPARG,WNT1,SHH,WNT10B,FOS,FGF8,SOX2,SMAD3,SMAD4,CTNNB1,ACTB,NF1,MTOR,RUNX2,PTEN,SRC,DKK1,TGFBR1,BMP2,SNAI2,FGFR1,RHOA,PAX6,PROM1,AKT1,GFAP,MYC	2.23e-17	HPO	Abnormality of the head
HP:0000153	MAPK1,NFKB1,GLI1,TWIST1,BMP4,SOX9,JAG1,KRAS,POU5F1,CDH1,SMAD2,WNT5A,STAT3,IGF1R,CDH2,PPARG,WNT1,SHH,WNT10B,FOS,FGF8,SOX2,SMAD3,SMAD4,CTNNB1,ACTB,NF1,MTOR,RUNX2,PTEN,TGFBR1,BMP2,SNAI2,FGFR1,RHOA,AKT1,GFAP,MYC	3.48e-17	HPO	Abnormality of the mouth
HP:0001626	MAPK1,NFKB1,CCND1,GLI1,TWIST1,SOX9,JAG1,KRAS,SMAD2,WNT5A,STAT3,IGF1R,CDH2,TP53,NOTCH1,PPARG,WNT1,SHH,FOS,HNF4A,FGF8,SOX2,WT1,SMAD3,SMAD4,CTNNB1,ACTB,NF1,MTOR,PTEN,TGFBR1,BMP2,SNAI2,FGFR1,PAX6,ESR1,CDKN2A,PROM1,AKT1,GFAP,MYC	3.48e-17	HPO	Abnormality of the cardiovascular system
HP:0000271	MAPK1,NFKB1,GLI1,TWIST1,BMP4,SOX9,JAG1,KRAS,POU5F1,CDH1,SMAD2,WNT5A,STAT3,IGF1R,CDH2,TP53,PPARG,WNT1,SHH,WNT10B,FOS,FGF8,SOX2,SMAD3,SMAD4,CTNNB1,ACTB,NF1,MTOR,RUNX2,PTEN,SRC,TGFBR1,BMP2,SNAI2,FGFR1,RHOA,PAX6,PROM1,AKT1,GFAP,MYC	6.86e-17	HPO	Abnormality of the face
HP:0012372	MAPK1,TWIST1,BMP4,PXDN,JAG1,KRAS,SMAD2,WNT5A,TP53,NOTCH1,WNT1,SHH,WNT10B,FGF8,SOX2,WT1,SMAD3,SMAD4,ACTB,NF1,PTEN,SRC,TGFBR1,FGFR1,RHOA,PAX6,PROM1,AKT1	1.41e-16	HPO	Abnormal eye morphology
HP:0000765	MAPK1,GLI1,TWIST1,SOX9,JAG1,KRAS,SMAD2,WNT5A,IGF1R,CDH2,WNT1,SHH,FGF8,SOX2,WT1,SMAD3,SMAD4,ACTB,NF1,MTOR,RUNX2,PTEN,TGFBR1,BMP2,FGFR1,AKT1	1.57e-16	HPO	Abnormal thorax morphology
HP:0011024	MAPK1,NFKB1,CCND1,TWIST1,JAG1,KRAS,CDH1,STAT3,TP53,ERBB2,NOTCH1,SHH,HNF4A,FGF8,SOX2,WT1,SMAD3,SMAD4,CTNNB1,ACTB,NF1,MTOR,PTEN,SRC,DKK1,TGFBR1,SNAI2,FGFR1,CDKN2A,AKT1,GFAP,MYC	4.13e-16	HPO	Abnormality of the gastrointestinal tract
HP:0001999	MAPK1,TWIST1,BMP4,SOX9,JAG1,KRAS,CDH1,WNT5A,STAT3,IGF1R,PPARG,WNT1,SHH,WNT10B,FOS,FGF8,SMAD3,SMAD4,CTNNB1,ACTB,NF1,MTOR,RUNX2,PTEN,FGFR1,RHOA,AKT1,GFAP	6.29e-16	HPO	Abnormal facial shape
HP:0000478	MAPK1,GLI1,TWIST1,BMP4,SOX9,PXDN,JAG1,KRAS,CDH1,SMAD2,WNT5A,STAT3,IGF1R,CDH2,TP53,NOTCH1,WNT1,SHH,WNT10B,HNF4A,FGF8,SOX2,WT1,SMAD3,SMAD4,CTNNB1,ACTB,NF1,MTOR,RUNX2,PTEN,SRC,DKK1,TGFBR1,SNAI2,FGFR1,RHOA,PAX6,CDKN2A,PROM1,AKT1,GFAP	1.17e-15	HPO	Abnormality of the eye
HP:0000929	MAPK1,NFKB1,GLI1,TWIST1,BMP4,SOX9,JAG1,KRAS,SMAD2,WNT5A,STAT3,IGF1R,CDH2,TP53,NOTCH1,PPARG,WNT1,SHH,FOS,FGF8,SOX2,SMAD3,SMAD4,CTNNB1,ACTB,NF1,MTOR,RUNX2,PTEN,DKK1,TGFBR1,SNAI2,FGFR1,RHOA,AKT1,GFAP	1.17e-15	HPO	Abnormal skull morphology
HP:0000078	MAPK1,GLI1,TWIST1,BMP4,SOX9,JAG1,KRAS,CDH1,WNT5A,CDH2,TP53,PPARG,SHH,FOS,FGF8,SOX2,WT1,SMAD3,SMAD4,CTNNB1,ACTB,NF1,MTOR,PTEN,SRC,TGFBR1,FGFR1,ESR1,PROM1,AKT1,MYC	2.02e-15	HPO	Abnormality of the genital system
HP:0000008	GLI1,BMP4,SOX9,KRAS,CDH1,TP53,PPARG,FOS,FGF8,WT1,SMAD3,SMAD4,CTNNB1,PTEN,SRC,TGFBR1,FGFR1,ESR1,AKT1,MYC	3.69e-15	HPO	Abnormal morphology of female internal genitalia
HP:0025031	MAPK1,NFKB1,CCND1,TWIST1,SOX9,JAG1,KRAS,CDH1,SMAD2,WNT5A,STAT3,TP53,ERBB2,NOTCH1,PPARG,SHH,FOS,HNF4A,FGF8,SOX2,WT1,SMAD3,SMAD4,CTNNB1,ACTB,NF1,MTOR,PTEN,SRC,DKK1,TGFBR1,SNAI2,FGFR1,ESR1,CDKN2A,AKT1,GFAP,MYC	8.31e-15	HPO	Abnormality of the digestive system
HP:0000118	MAPK1,NFKB1,CCND1,GLI1,TWIST1,BMP4,SOX9,PXDN,JAG1,KRAS,POU5F1,CDH1,SMAD2,WNT5A,STAT3,IGF1R,CDH2,TP53,ERBB2,NOTCH1,PPARG,WNT1,SHH,WNT10B,FOS,HNF4A,FGF8,SOX2,WT1,SMAD3,SMAD4,CTNNB1,ACTB,NF1,MTOR,RUNX2,PTEN,SRC,DKK1,TGFBR1,BMP2,SNAI2,BCL2,FGFR1,RHOA,PAX6,ESR1,CDKN2A,PROM1,AKT1,GFAP,MYC	1.12e-14	HPO	Phenotypic abnormality
HP:0004328	MAPK1,BMP4,JAG1,KRAS,SMAD2,SHH,WNT10B,FGF8,SOX2,WT1,SMAD3,SMAD4,ACTB,NF1,PTEN,TGFBR1,FGFR1,RHOA,PAX6	1.65e-14	HPO	Abnormal anterior eye segment morphology
HP:0040064	MAPK1,GLI1,TWIST1,BMP4,SOX9,JAG1,KRAS,CDH1,SMAD2,WNT5A,IGF1R,TP53,ERBB2,NOTCH1,PPARG,WNT1,SHH,WNT10B,FOS,FGF8,SOX2,SMAD3,SMAD4,CTNNB1,ACTB,NF1,MTOR,RUNX2,PTEN,DKK1,TGFBR1,BMP2,FGFR1,RHOA,AKT1	2.25e-14	HPO	Abnormality of limbs
HP:0002814	MAPK1,GLI1,TWIST1,BMP4,SOX9,KRAS,SMAD2,WNT5A,IGF1R,TP53,NOTCH1,PPARG,WNT1,SHH,WNT10B,FOS,FGF8,SMAD3,SMAD4,CTNNB1,ACTB,NF1,MTOR,RUNX2,PTEN,DKK1,TGFBR1,BMP2,FGFR1,RHOA,AKT1	3.12e-14	HPO	Abnormality of the lower limb
HP:0011355	MAPK1,SOX9,KRAS,CDH1,WNT5A,STAT3,NOTCH1,PPARG,SMAD3,CTNNB1,ACTB,NF1,MTOR,PTEN,TGFBR1,SNAI2,FGFR1,CDKN2A,PROM1,AKT1,GFAP	4.32e-14	HPO	Localized skin lesion
HP:0007378	NFKB1,JAG1,KRAS,CDH1,TP53,ERBB2,HNF4A,WT1,SMAD4,CTNNB1,NF1,MTOR,PTEN,SRC,CDKN2A,AKT1	4.52e-14	HPO	Neoplasm of the gastrointestinal tract
HP:0001167	MAPK1,GLI1,TWIST1,BMP4,SOX9,JAG1,KRAS,SMAD2,WNT5A,IGF1R,ERBB2,NOTCH1,SHH,WNT10B,FGF8,SOX2,SMAD3,SMAD4,ACTB,MTOR,RUNX2,PTEN,TGFBR1,BMP2,FGFR1,AKT1	5.61e-14	HPO	Abnormality of finger
HP:0002817	MAPK1,GLI1,TWIST1,BMP4,SOX9,JAG1,KRAS,SMAD2,WNT5A,IGF1R,ERBB2,NOTCH1,PPARG,SHH,WNT10B,FOS,FGF8,SOX2,SMAD3,SMAD4,ACTB,NF1,MTOR,RUNX2,PTEN,DKK1,TGFBR1,BMP2,FGFR1,AKT1	5.87e-14	HPO	Abnormality of the upper limb
HP:0000525	MAPK1,BMP4,KRAS,SMAD2,SHH,WNT10B,FGF8,SOX2,WT1,SMAD3,SMAD4,ACTB,NF1,PTEN,TGFBR1,FGFR1,RHOA,PAX6	6.41e-14	HPO	Abnormality iris morphology
HP:0000137	BMP4,SOX9,KRAS,CDH1,TP53,FGF8,WT1,SMAD4,CTNNB1,PTEN,FGFR1,ESR1,AKT1,MYC	6.42e-14	HPO	Abnormality of the ovary
HP:0000707	MAPK1,GLI1,TWIST1,BMP4,SOX9,JAG1,KRAS,CDH1,SMAD2,WNT5A,STAT3,IGF1R,CDH2,TP53,ERBB2,NOTCH1,PPARG,WNT1,SHH,FOS,HNF4A,FGF8,SOX2,WT1,SMAD3,SMAD4,CTNNB1,ACTB,NF1,MTOR,RUNX2,PTEN,DKK1,TGFBR1,BMP2,SNAI2,FGFR1,PAX6,ESR1,CDKN2A,PROM1,AKT1,GFAP	8.69e-14	HPO	Abnormality of the nervous system
HP:0000218	MAPK1,TWIST1,BMP4,KRAS,SMAD2,WNT5A,STAT3,IGF1R,CDH2,SHH,FGF8,SMAD3,SMAD4,CTNNB1,NF1,RUNX2,PTEN,TGFBR1,BMP2,FGFR1,AKT1,GFAP	9.06e-14	HPO	High palate
HP:0011844	GLI1,TWIST1,BMP4,SOX9,JAG1,KRAS,WNT5A,IGF1R,TP53,NOTCH1,WNT1,SHH,WNT10B,FGF8,SOX2,SMAD4,ACTB,NF1,MTOR,RUNX2,PTEN,BMP2,FGFR1,ESR1,AKT1	1.15e-13	HPO	Abnormal appendicular skeleton morphology
HP:0000316	MAPK1,TWIST1,SOX9,JAG1,KRAS,CDH1,SMAD2,WNT5A,STAT3,CDH2,SHH,FGF8,SMAD3,SMAD4,ACTB,NF1,MTOR,RUNX2,PTEN,TGFBR1,FGFR1,AKT1	1.37e-13	HPO	Hypertelorism
HP:0030680	MAPK1,NFKB1,GLI1,TWIST1,SOX9,JAG1,KRAS,SMAD2,STAT3,IGF1R,CDH2,TP53,NOTCH1,PPARG,SHH,FOS,FGF8,SOX2,WT1,SMAD3,SMAD4,CTNNB1,ACTB,NF1,PTEN,TGFBR1,BMP2,FGFR1,ESR1,AKT1	1.44e-13	HPO	Abnormality of cardiovascular system morphology
HP:0011297	MAPK1,GLI1,TWIST1,BMP4,SOX9,JAG1,KRAS,CDH1,SMAD2,WNT5A,IGF1R,ERBB2,NOTCH1,SHH,WNT10B,FGF8,SOX2,SMAD3,SMAD4,ACTB,MTOR,RUNX2,PTEN,TGFBR1,BMP2,FGFR1,RHOA,AKT1	1.81e-13	HPO	Abnormal digit morphology
HP:0002086	NFKB1,GLI1,TWIST1,SOX9,JAG1,KRAS,SMAD2,STAT3,TP53,ERBB2,NOTCH1,WNT1,SHH,FGF8,SOX2,WT1,SMAD3,SMAD4,CTNNB1,NF1,MTOR,RUNX2,PTEN,DKK1,TGFBR1,BMP2,SNAI2,FGFR1,PAX6,AKT1,GFAP	1.96e-13	HPO	Abnormality of the respiratory system
HP:0011025	MAPK1,KRAS,SMAD2,WNT5A,STAT3,CDH2,TP53,NOTCH1,PPARG,WNT1,SHH,FOS,HNF4A,FGF8,WT1,SMAD3,SMAD4,CTNNB1,ACTB,NF1,PTEN,TGFBR1,BMP2,FGFR1,AKT1,GFAP,MYC	2.51e-13	HPO	Abnormal cardiovascular system physiology
HP:0011138	MAPK1,NFKB1,GLI1,SOX9,KRAS,CDH1,WNT5A,STAT3,IGF1R,NOTCH1,PPARG,SHH,WNT10B,FOS,FGF8,SMAD4,CTNNB1,ACTB,NF1,MTOR,PTEN,SNAI2,FGFR1,CDKN2A	3.51e-13	HPO	Abnormality of skin adnexa morphology
HP:0002011	MAPK1,GLI1,TWIST1,BMP4,SOX9,JAG1,KRAS,CDH1,SMAD2,IGF1R,CDH2,TP53,ERBB2,NOTCH1,WNT1,SHH,FGF8,SOX2,WT1,SMAD3,SMAD4,CTNNB1,ACTB,NF1,MTOR,RUNX2,PTEN,DKK1,TGFBR1,BMP2,SNAI2,FGFR1,PAX6,ESR1,AKT1,GFAP	4.14e-13	HPO	Morphological central nervous system abnormality
HP:0000811	MAPK1,GLI1,TWIST1,BMP4,SOX9,JAG1,KRAS,WNT5A,CDH2,TP53,PPARG,SHH,FOS,FGF8,SOX2,WT1,SMAD4,ACTB,NF1,MTOR,PTEN,FGFR1,PROM1,AKT1	4.3e-13	HPO	Abnormal external genitalia
HP:0000366	MAPK1,NFKB1,TWIST1,SOX9,JAG1,KRAS,CDH1,WNT5A,STAT3,IGF1R,CDH2,TP53,SHH,FGF8,SOX2,SMAD4,CTNNB1,ACTB,NF1,MTOR,RUNX2,PTEN,SRC,BMP2,SNAI2,FGFR1,RHOA,PROM1,AKT1	7.53e-13	HPO	Abnormality of the nose
HP:0012638	MAPK1,GLI1,TWIST1,BMP4,SOX9,JAG1,KRAS,WNT5A,STAT3,IGF1R,CDH2,TP53,ERBB2,NOTCH1,PPARG,WNT1,SHH,FOS,HNF4A,FGF8,SOX2,WT1,SMAD3,SMAD4,CTNNB1,ACTB,NF1,MTOR,RUNX2,PTEN,DKK1,TGFBR1,BMP2,SNAI2,FGFR1,PAX6,CDKN2A,PROM1,AKT1,GFAP	7.93e-13	HPO	Abnormal nervous system physiology
HP:0011927	GLI1,TWIST1,BMP4,JAG1,KRAS,WNT5A,NOTCH1,SHH,FGF8,SOX2,SMAD4,MTOR,RUNX2,PTEN,BMP2,FGFR1,RHOA,AKT1	1.09e-12	HPO	Short digit
HP:0004323	NFKB1,CCND1,GLI1,BMP4,SOX9,JAG1,KRAS,STAT3,IGF1R,TP53,ERBB2,NOTCH1,PPARG,SHH,FOS,HNF4A,FGF8,SOX2,WT1,SMAD4,CTNNB1,ACTB,NF1,MTOR,PTEN,FGFR1,PROM1,AKT1,GFAP	1.48e-12	HPO	Abnormality of body weight
HP:0000598	MAPK1,NFKB1,TWIST1,BMP4,SOX9,PXDN,JAG1,KRAS,CDH1,WNT5A,STAT3,IGF1R,CDH2,ERBB2,WNT1,SHH,WNT10B,FGF8,SOX2,SMAD4,CTNNB1,ACTB,NF1,RUNX2,PTEN,DKK1,BMP2,SNAI2,FGFR1,PAX6,PROM1,AKT1	1.51e-12	HPO	Abnormality of the ear
HP:0012718	NFKB1,TWIST1,KRAS,CDH1,STAT3,TP53,ERBB2,NOTCH1,SHH,FGF8,SOX2,SMAD3,SMAD4,CTNNB1,MTOR,PTEN,SRC,TGFBR1,SNAI2,FGFR1,CDKN2A,AKT1,MYC	1.59e-12	HPO	Morphological abnormality of the gastrointestinal tract
HP:0000035	MAPK1,GLI1,TWIST1,BMP4,SOX9,JAG1,KRAS,WNT5A,CDH2,TP53,SHH,FGF8,SOX2,WT1,SMAD4,ACTB,NF1,MTOR,PTEN,FGFR1,PROM1,AKT1	1.68e-12	HPO	Abnormal testis morphology
HP:0001249	MAPK1,GLI1,TWIST1,JAG1,KRAS,WNT5A,STAT3,IGF1R,CDH2,ERBB2,NOTCH1,PPARG,SHH,FOS,HNF4A,FGF8,SOX2,SMAD4,CTNNB1,ACTB,NF1,MTOR,PTEN,TGFBR1,SNAI2,FGFR1,PAX6,PROM1,AKT1,GFAP	1.68e-12	HPO	Intellectual disability
HP:0001952	KRAS,STAT3,IGF1R,TP53,PPARG,SHH,FOS,HNF4A,FGF8,SOX2,SMAD4,CTNNB1,FGFR1,PAX6,ESR1,PROM1,GFAP	1.82e-12	HPO	Glucose intolerance
HP:0011821	MAPK1,NFKB1,TWIST1,BMP4,SOX9,KRAS,SMAD2,WNT5A,IGF1R,PPARG,WNT1,SHH,FOS,FGF8,SMAD3,SMAD4,CTNNB1,ACTB,NF1,RUNX2,PTEN,TGFBR1,FGFR1,RHOA,AKT1	1.84e-12	HPO	Abnormality of facial skeleton
HP:0000464	MAPK1,TWIST1,SOX9,KRAS,WNT5A,IGF1R,CDH2,PPARG,SHH,FOS,FGF8,SMAD4,ACTB,NF1,PTEN,DKK1,FGFR1,AKT1,GFAP	2.53e-12	HPO	Abnormality of the neck
HP:0025142	NFKB1,CCND1,KRAS,SMAD2,CDH2,TP53,ERBB2,PPARG,HNF4A,SOX2,WT1,SMAD3,SMAD4,CTNNB1,NF1,PTEN,DKK1,TGFBR1,FGFR1,ESR1,AKT1,GFAP,MYC	2.53e-12	HPO	Constitutional symptom
HP:0002715	MAPK1,NFKB1,CCND1,GLI1,TWIST1,KRAS,STAT3,TP53,ERBB2,NOTCH1,PPARG,SHH,FGF8,WT1,SMAD3,SMAD4,CTNNB1,ACTB,NF1,MTOR,RUNX2,PTEN,TGFBR1,FGFR1,PAX6,ESR1,CDKN2A,AKT1,GFAP,MYC	3.11e-12	HPO	Abnormality of the immune system
HP:0002813	GLI1,TWIST1,BMP4,SOX9,JAG1,KRAS,WNT5A,IGF1R,TP53,NOTCH1,WNT1,SHH,WNT10B,SOX2,SMAD4,ACTB,NF1,MTOR,RUNX2,BMP2,FGFR1	3.63e-12	HPO	Abnormality of limb bone morphology
HP:0005922	GLI1,TWIST1,BMP4,JAG1,KRAS,WNT5A,IGF1R,NOTCH1,SHH,WNT10B,FGF8,SOX2,SMAD4,ACTB,MTOR,RUNX2,PTEN,BMP2,FGFR1,AKT1	3.98e-12	HPO	Abnormal hand morphology
HP:0011014	KRAS,STAT3,IGF1R,TP53,PPARG,SHH,FOS,HNF4A,FGF8,SOX2,SMAD4,CTNNB1,MTOR,PTEN,FGFR1,PAX6,ESR1,PROM1,GFAP	4.17e-12	HPO	Abnormal glucose homeostasis
HP:0100887	TWIST1,BMP4,PXDN,KRAS,NOTCH1,SHH,FGF8,SOX2,SMAD4,ACTB,PTEN,FGFR1,RHOA,PAX6,AKT1	5.3e-12	HPO	Abnormality of globe size
HP:0100543	MAPK1,GLI1,TWIST1,JAG1,KRAS,WNT5A,STAT3,IGF1R,CDH2,TP53,ERBB2,NOTCH1,PPARG,SHH,FOS,HNF4A,FGF8,SOX2,SMAD4,CTNNB1,ACTB,NF1,MTOR,PTEN,TGFBR1,SNAI2,FGFR1,PAX6,PROM1,AKT1,GFAP	6.99e-12	HPO	Cognitive impairment
HP:0000925	MAPK1,TWIST1,BMP4,SOX9,JAG1,KRAS,SMAD2,WNT5A,STAT3,WNT1,SHH,FGF8,SOX2,SMAD3,SMAD4,CTNNB1,ACTB,NF1,RUNX2,PTEN,DKK1,TGFBR1,BMP2,FGFR1,AKT1,GFAP	7.7e-12	HPO	Abnormality of the vertebral column
HP:0001760	MAPK1,GLI1,TWIST1,BMP4,SOX9,KRAS,SMAD2,WNT5A,IGF1R,NOTCH1,PPARG,SHH,WNT10B,FOS,FGF8,SMAD3,SMAD4,ACTB,NF1,MTOR,PTEN,TGFBR1,BMP2,FGFR1,RHOA,AKT1	7.87e-12	HPO	Abnormal foot morphology
HP:0000769	TWIST1,SOX9,KRAS,CDH1,IGF1R,CDH2,TP53,FGF8,SMAD4,CTNNB1,ACTB,PTEN,FGFR1,ESR1,CDKN2A,AKT1	8.37e-12	HPO	Abnormality of the breast
HP:0008056	BMP4,PXDN,KRAS,NOTCH1,SHH,WNT10B,FGF8,SOX2,WT1,SMAD4,ACTB,NF1,FGFR1,RHOA,PAX6,PROM1	8.62e-12	HPO	Aplasia/Hypoplasia affecting the eye
HP:0002143	SMAD2,SHH,FGF8,SMAD3,SMAD4,CTNNB1,NF1,RUNX2,PTEN,DKK1,TGFBR1,FGFR1,AKT1	1.04e-11	HPO	Abnormality of the spinal cord
HP:0004325	NFKB1,CCND1,GLI1,BMP4,SOX9,JAG1,KRAS,STAT3,IGF1R,TP53,ERBB2,NOTCH1,PPARG,SHH,FOS,FGF8,SOX2,WT1,SMAD4,CTNNB1,ACTB,NF1,PTEN,FGFR1,AKT1,GFAP	1.09e-11	HPO	Decreased body weight
HP:0100013	TWIST1,KRAS,CDH1,TP53,SMAD4,CTNNB1,PTEN,ESR1,CDKN2A,AKT1	1.21e-11	HPO	Neoplasm of the breast
HP:0031093	TWIST1,KRAS,CDH1,CDH2,TP53,FGF8,SMAD4,CTNNB1,ACTB,PTEN,FGFR1,ESR1,CDKN2A,AKT1	1.39e-11	HPO	Abnormal breast morphology
EFO:0003765	CCND1,KRAS,SMAD2,CDH2,TP53,ERBB2,HNF4A,SOX2,WT1,SMAD3,SMAD4,CTNNB1,NF1,DKK1,TGFBR1,FGFR1,ESR1,AKT1,MYC	1.72e-11	HPO	Sign or symptom
HP:0000818	BMP4,SOX9,JAG1,KRAS,STAT3,IGF1R,TP53,ERBB2,PPARG,SHH,FOS,HNF4A,FGF8,SOX2,WT1,SMAD4,CTNNB1,NF1,PTEN,FGFR1,ESR1,PROM1,AKT1,GFAP	1.72e-11	HPO	Abnormality of the endocrine system
HP:0001595	MAPK1,NFKB1,GLI1,SOX9,KRAS,CDH1,WNT5A,STAT3,IGF1R,NOTCH1,PPARG,SHH,WNT10B,FOS,FGF8,SMAD4,ACTB,NF1,MTOR,SNAI2,FGFR1,CDKN2A	1.72e-11	HPO	Abnormal hair morphology
HP:0011446	MAPK1,GLI1,TWIST1,BMP4,JAG1,KRAS,WNT5A,STAT3,IGF1R,CDH2,TP53,ERBB2,NOTCH1,PPARG,SHH,FOS,HNF4A,FGF8,SOX2,SMAD4,CTNNB1,ACTB,NF1,MTOR,PTEN,DKK1,TGFBR1,SNAI2,FGFR1,PAX6,PROM1,AKT1,GFAP	2.03e-11	HPO	Abnormality of higher mental function
HP:0009115	GLI1,TWIST1,BMP4,SOX9,JAG1,KRAS,WNT5A,IGF1R,NOTCH1,SHH,WNT10B,SOX2,SMAD4,ACTB,MTOR,RUNX2,BMP2,FGFR1	2.14e-11	HPO	Aplasia/hypoplasia involving the skeleton
HP:0045060	GLI1,TWIST1,BMP4,SOX9,JAG1,KRAS,WNT5A,IGF1R,NOTCH1,SHH,WNT10B,SOX2,SMAD4,MTOR,RUNX2,BMP2,FGFR1	2.16e-11	HPO	Aplasia/hypoplasia involving bones of the extremities
HP:0000364	TWIST1,BMP4,SOX9,KRAS,CDH1,WNT5A,STAT3,ERBB2,WNT1,SHH,WNT10B,FGF8,SOX2,SMAD4,CTNNB1,ACTB,NF1,RUNX2,PTEN,DKK1,BMP2,SNAI2,FGFR1,PAX6,PROM1,AKT1	2.38e-11	HPO	Hearing abnormality
HP:0012759	MAPK1,GLI1,TWIST1,BMP4,JAG1,KRAS,WNT5A,STAT3,IGF1R,CDH2,TP53,ERBB2,NOTCH1,PPARG,WNT1,SHH,FOS,HNF4A,FGF8,SOX2,SMAD4,CTNNB1,ACTB,NF1,MTOR,PTEN,TGFBR1,SNAI2,FGFR1,PAX6,PROM1,AKT1,GFAP	2.56e-11	HPO	Neurodevelopmental abnormality
HP:0002088	NFKB1,GLI1,JAG1,KRAS,SMAD2,STAT3,TP53,ERBB2,NOTCH1,SHH,FGF8,WT1,SMAD3,SMAD4,CTNNB1,RUNX2,PTEN,TGFBR1,SNAI2,FGFR1,PAX6,AKT1	3.45e-11	HPO	Abnormal lung morphology
HP:0001155	GLI1,TWIST1,BMP4,JAG1,KRAS,WNT5A,IGF1R,NOTCH1,SHH,WNT10B,FGF8,SOX2,SMAD3,SMAD4,ACTB,MTOR,RUNX2,PTEN,TGFBR1,BMP2,FGFR1,AKT1	4.62e-11	HPO	Abnormality of the hand
HP:0001156	TWIST1,BMP4,JAG1,KRAS,WNT5A,NOTCH1,SHH,FGF8,SMAD4,RUNX2,PTEN,BMP2,FGFR1,RHOA,AKT1	4.62e-11	HPO	Brachydactyly
HP:0000567	BMP4,SHH,FGF8,ACTB,NF1,PTEN,FGFR1,PAX6,AKT1	4.98e-11	HPO	Chorioretinal coloboma
HP:0000079	MAPK1,GLI1,BMP4,SOX9,JAG1,KRAS,WNT5A,STAT3,TP53,ERBB2,SHH,HNF4A,FGF8,SOX2,WT1,SMAD3,SMAD4,CTNNB1,ACTB,NF1,MTOR,PTEN,SRC,DKK1,SNAI2,FGFR1,PAX6,AKT1	6.39e-11	HPO	Abnormality of the urinary system
HP:0010668	TWIST1,BMP4,KRAS,WNT5A,SHH,FGF8,SMAD3,SMAD4,NF1,RUNX2,TGFBR1,FGFR1,RHOA	6.39e-11	HPO	Abnormality of the zygomatic bone
HP:0000119	SOX9,KRAS,CDH1,TP53,SHH,HNF4A,FGF8,WT1,SMAD4,CTNNB1,NF1,PTEN,SRC,FGFR1,AKT1	6.48e-11	HPO	Abnormality of the genitourinary system
HP:0012443	MAPK1,GLI1,TWIST1,BMP4,SOX9,JAG1,KRAS,SMAD2,IGF1R,CDH2,TP53,NOTCH1,WNT1,SHH,FGF8,SOX2,WT1,SMAD3,SMAD4,CTNNB1,ACTB,NF1,MTOR,PTEN,DKK1,TGFBR1,SNAI2,FGFR1,PAX6,ESR1,AKT1,GFAP	6.57e-11	HPO	Abnormality of brain morphology
HP:0100615	SOX9,KRAS,CDH1,TP53,WT1,SMAD4,CTNNB1,PTEN,AKT1	6.57e-11	HPO	Ovarian neoplasm
EFO:0000408	MAPK1,NFKB1,TWIST1,BMP4,KRAS,POU5F1,CDH1,WNT5A,STAT3,IGF1R,TP53,NOTCH1,PPARG,SHH,WNT10B,HNF4A,SMAD3,SMAD4,PXDNL,NF1,PTEN,TGFBR1,BMP2,FGFR1,RHOA,ESR1,AKT1	6.75e-11	HPO	Disease
HP:0004322	GLI1,TWIST1,SOX9,KRAS,WNT5A,STAT3,IGF1R,TP53,ERBB2,WNT1,SHH,HNF4A,FGF8,SOX2,SMAD4,CTNNB1,ACTB,NF1,MTOR,RUNX2,PTEN,BMP2,FGFR1,AKT1	6.75e-11	HPO	Short stature
HP:0002650	MAPK1,TWIST1,SOX9,KRAS,SMAD2,WNT5A,STAT3,WNT1,SHH,FGF8,SMAD3,SMAD4,ACTB,NF1,RUNX2,PTEN,DKK1,TGFBR1,FGFR1,AKT1,GFAP	7.46e-11	HPO	Scoliosis
HP:0000163	MAPK1,GLI1,TWIST1,BMP4,WNT5A,STAT3,IGF1R,SHH,WNT10B,FGF8,SMAD3,SMAD4,RUNX2,PTEN,TGFBR1,BMP2,FGFR1,AKT1,MYC	8.22e-11	HPO	Abnormal oral cavity morphology
HP:0011792	SOX9,KRAS,TP53,ERBB2,SOX2,WT1,SMAD4,CTNNB1,ACTB,NF1,PTEN,SRC,CDKN2A,AKT1	8.29e-11	HPO	Neoplasm by histology
HP:0003549	BMP4,SMAD2,WNT5A,STAT3,IGF1R,NOTCH1,PPARG,WNT1,SHH,WNT10B,FOS,FGF8,WT1,SMAD3,SMAD4,ACTB,NF1,MTOR,RUNX2,PTEN,TGFBR1,FGFR1,RHOA,PROM1,AKT1	8.84e-11	HPO	Abnormality of connective tissue
HP:0003002	TWIST1,KRAS,CDH1,TP53,SMAD4,CTNNB1,PTEN,ESR1,AKT1	9.42e-11	HPO	Breast carcinoma
HP:0005927	GLI1,BMP4,JAG1,KRAS,WNT5A,IGF1R,NOTCH1,SHH,WNT10B,SOX2,SMAD4,MTOR,RUNX2,BMP2,FGFR1	1.16e-10	HPO	Aplasia/hypoplasia involving bones of the hand
HP:0031703	MAPK1,NFKB1,TWIST1,BMP4,SOX9,PXDN,JAG1,KRAS,CDH1,WNT5A,STAT3,IGF1R,CDH2,WNT1,SHH,FGF8,SMAD4,ACTB,NF1,RUNX2,PTEN,BMP2,FGFR1,PROM1,AKT1	1.29e-10	HPO	Abnormal ear morphology
HP:0000202	GLI1,TWIST1,BMP4,SOX9,KRAS,POU5F1,CDH1,WNT5A,STAT3,SHH,WNT10B,FGF8,SOX2,SMAD3,SMAD4,ACTB,RUNX2,TGFBR1,FGFR1	1.35e-10	HPO	Oral cleft
HP:0000256	TWIST1,SOX9,KRAS,WNT5A,CDH2,SHH,FGF8,SMAD4,CTNNB1,NF1,MTOR,RUNX2,PTEN,FGFR1,AKT1,GFAP	1.45e-10	HPO	Macrocephaly
HP:0001627	MAPK1,GLI1,TWIST1,SOX9,JAG1,KRAS,SMAD2,STAT3,IGF1R,CDH2,NOTCH1,PPARG,SHH,FOS,FGF8,SOX2,WT1,SMAD3,SMAD4,ACTB,NF1,TGFBR1,BMP2,FGFR1	1.45e-10	HPO	Abnormal heart morphology
HP:0001028	KRAS,WNT5A,NOTCH1,SHH,FGF8,SMAD4,NF1,MTOR,PTEN,FGFR1,AKT1	1.49e-10	HPO	Hemangioma
HP:0100006	TP53,ERBB2,SHH,FGF8,SOX2,SMAD4,CTNNB1,NF1,PTEN,FGFR1,AKT1	1.74e-10	HPO	Neoplasm of the central nervous system
HP:0006753	KRAS,CDH1,TP53,ERBB2,SMAD4,CTNNB1,SRC,CDKN2A,AKT1	2.02e-10	HPO	Neoplasm of the stomach
EFO:0003843	KRAS,SMAD2,CDH2,TP53,ERBB2,WT1,SMAD3,SMAD4,CTNNB1,NF1,DKK1,TGFBR1,ESR1,AKT1,MYC	2.08e-10	HPO	Pain
HP:0003468	TWIST1,SOX9,JAG1,KRAS,WNT5A,WNT1,SHH,FGF8,SOX2,SMAD4,RUNX2,PTEN,DKK1,FGFR1,AKT1	2.69e-10	HPO	Abnormal vertebral morphology
HP:0000486	GLI1,TWIST1,JAG1,KRAS,WNT5A,IGF1R,CDH2,NOTCH1,SHH,FGF8,SOX2,SMAD3,SMAD4,CTNNB1,MTOR,PTEN,TGFBR1,FGFR1,RHOA,PAX6,AKT1	2.78e-10	HPO	Strabismus
HP:0030084	MAPK1,TWIST1,BMP4,JAG1,KRAS,CDH1,WNT5A,IGF1R,SHH,SMAD4,RUNX2,PTEN,BMP2,FGFR1,RHOA,AKT1	3.12e-10	HPO	Clinodactyly
HP:0000028	MAPK1,GLI1,TWIST1,BMP4,SOX9,JAG1,KRAS,WNT5A,CDH2,SHH,FGF8,SOX2,WT1,SMAD4,ACTB,NF1,MTOR,FGFR1	3.7e-10	HPO	Cryptorchidism
HP:0001510	GLI1,TWIST1,SOX9,JAG1,KRAS,WNT5A,STAT3,IGF1R,TP53,ERBB2,WNT1,SHH,HNF4A,FGF8,SOX2,SMAD4,CTNNB1,ACTB,NF1,MTOR,RUNX2,PTEN,BMP2,FGFR1,PAX6,AKT1	3.79e-10	HPO	Growth delay
HP:0006265	GLI1,BMP4,JAG1,WNT5A,NOTCH1,SHH,WNT10B,SOX2,SMAD4,MTOR,RUNX2,BMP2,FGFR1	5.84e-10	HPO	Aplasia/Hypoplasia of fingers
HP:0008373	BMP4,SOX9,KRAS,TP53,PPARG,SHH,FOS,FGF8,SMAD4,CTNNB1,NF1,FGFR1,ESR1,PROM1,GFAP	5.84e-10	HPO	Puberty and gonadal disorders
HP:0000277	MAPK1,TWIST1,BMP4,SOX9,KRAS,SMAD2,WNT5A,IGF1R,PPARG,WNT1,FOS,SMAD3,SMAD4,ACTB,NF1,RUNX2,PTEN,TGFBR1,FGFR1,AKT1	6.57e-10	HPO	Abnormal mandible morphology
HP:0001508	NFKB1,GLI1,BMP4,SOX9,JAG1,KRAS,STAT3,ERBB2,NOTCH1,PPARG,SHH,FOS,FGF8,SOX2,SMAD4,CTNNB1,ACTB,PTEN,FGFR1,AKT1,GFAP	6.81e-10	HPO	Failure to thrive
HP:0001671	MAPK1,GLI1,JAG1,KRAS,IGF1R,CDH2,NOTCH1,SHH,FGF8,SOX2,WT1,SMAD3,SMAD4,NF1,TGFBR1,BMP2,FGFR1	7.14e-10	HPO	Abnormal cardiac septum morphology
HP:0012719	MAPK1,TWIST1,KRAS,STAT3,ERBB2,NOTCH1,SHH,FGF8,WT1,SMAD3,SMAD4,CTNNB1,ACTB,NF1,PTEN,DKK1,TGFBR1,FGFR1,GFAP,MYC	7.14e-10	HPO	Functional abnormality of the gastrointestinal tract
HP:0001939	MAPK1,NFKB1,CCND1,JAG1,KRAS,CDH1,STAT3,IGF1R,TP53,ERBB2,PPARG,SHH,FOS,HNF4A,FGF8,SOX2,WT1,SMAD4,CTNNB1,ACTB,NF1,MTOR,PTEN,FGFR1,PAX6,ESR1,PROM1,AKT1,GFAP,MYC	7.3e-10	HPO	Abnormality of metabolism/homeostasis
HP:0000077	MAPK1,GLI1,BMP4,SOX9,JAG1,KRAS,WNT5A,STAT3,TP53,SHH,HNF4A,FGF8,WT1,SMAD4,CTNNB1,ACTB,NF1,PTEN,SRC,SNAI2,FGFR1,AKT1	8.11e-10	HPO	Abnormality of the kidney
HP:0002007	TWIST1,KRAS,WNT5A,STAT3,CDH2,WNT1,SHH,FGF8,SOX2,MTOR,RUNX2,PTEN,FGFR1,GFAP	9.75e-10	HPO	Frontal bossing
HP:0000819	KRAS,STAT3,IGF1R,TP53,PPARG,SHH,FOS,HNF4A,FGF8,SMAD4,CTNNB1,FGFR1,PROM1,GFAP	1.16e-09	HPO	Diabetes mellitus
HP:0100763	NFKB1,CCND1,TWIST1,KRAS,STAT3,NOTCH1,PPARG,SHH,FGF8,WT1,SMAD4,NF1,PTEN,FGFR1,CDKN2A,AKT1,MYC	1.22e-09	HPO	Abnormality of the lymphatic system
HP:0001892	MAPK1,NFKB1,KRAS,SMAD2,TP53,NOTCH1,SMAD3,SMAD4,CTNNB1,NF1,PTEN,SRC,TGFBR1,AKT1,MYC	1.25e-09	HPO	Abnormal bleeding
HP:0003011	MAPK1,BMP4,SOX9,KRAS,WNT5A,STAT3,CDH2,TP53,NOTCH1,PPARG,SHH,FOS,HNF4A,FGF8,SOX2,WT1,SMAD3,SMAD4,CTNNB1,ACTB,NF1,MTOR,PTEN,DKK1,TGFBR1,BMP2,SNAI2,FGFR1,PAX6,AKT1,GFAP	1.25e-09	HPO	Abnormality of the musculature
HP:0000520	TWIST1,SOX9,JAG1,KRAS,WNT5A,SHH,SMAD3,NF1,PTEN,TGFBR1,FGFR1,AKT1	1.52e-09	HPO	Proptosis
HP:0001780	MAPK1,GLI1,TWIST1,BMP4,SOX9,KRAS,WNT5A,IGF1R,SHH,WNT10B,SMAD4,ACTB,PTEN,BMP2,FGFR1,RHOA,AKT1	1.57e-09	HPO	Abnormality of toe
HP:0000238	SOX9,KRAS,TP53,NOTCH1,SHH,FGF8,SOX2,CTNNB1,NF1,PTEN,TGFBR1,FGFR1,AKT1,GFAP	1.61e-09	HPO	Hydrocephalus
HP:0010787	SOX9,KRAS,CDH1,TP53,WT1,SMAD4,CTNNB1,PTEN,SRC,AKT1	1.69e-09	HPO	Genital neoplasm
HP:0011362	MAPK1,NFKB1,GLI1,SOX9,KRAS,CDH1,WNT5A,IGF1R,NOTCH1,PPARG,WNT10B,FOS,FGF8,SMAD4,NF1,FGFR1	1.93e-09	HPO	Abnormal hair quantity
HP:0000098	KRAS,SMAD2,PPARG,FOS,SMAD3,SMAD4,NF1,PTEN,TGFBR1,ESR1,AKT1	2.14e-09	HPO	Tall stature
HP:0000610	BMP4,JAG1,SHH,FGF8,ACTB,NF1,PTEN,FGFR1,PAX6,PROM1,AKT1	2.25e-09	HPO	Abnormal choroid morphology
HP:0005918	GLI1,TWIST1,BMP4,JAG1,WNT5A,NOTCH1,SHH,FGF8,SMAD3,ACTB,MTOR,RUNX2,PTEN,TGFBR1,BMP2,FGFR1	2.3e-09	HPO	Abnormal finger phalanx morphology
HP:0001547	MAPK1,GLI1,SOX9,JAG1,KRAS,IGF1R,WNT1,SHH,FGF8,SOX2,SMAD4,ACTB,RUNX2	2.65e-09	HPO	Abnormal rib cage morphology
HP:0001679	JAG1,KRAS,SMAD2,CDH2,NOTCH1,SHH,FGF8,WT1,SMAD3,SMAD4,PTEN,TGFBR1,FGFR1	2.86e-09	HPO	Abnormal aortic morphology
HP:0000315	MAPK1,TWIST1,BMP4,KRAS,CDH1,WNT5A,IGF1R,CDH2,SHH,WNT10B,FGF8,SMAD4,CTNNB1,ACTB,NF1,PTEN,SNAI2,FGFR1,PAX6,AKT1	2.91e-09	HPO	Abnormality of the orbital region
HP:0000766	GLI1,SOX9,KRAS,SMAD2,WNT5A,IGF1R,SMAD3,SMAD4,ACTB,NF1,PTEN,TGFBR1,BMP2,AKT1	2.91e-09	HPO	Abnormal sternum morphology
HP:0000175	TWIST1,BMP4,SOX9,KRAS,POU5F1,CDH1,WNT5A,STAT3,SHH,FGF8,SOX2,SMAD3,SMAD4,ACTB,RUNX2,TGFBR1,FGFR1	3.09e-09	HPO	Cleft palate
HP:0003319	MAPK1,BMP4,SOX9,KRAS,WNT5A,SHH,FGF8,SMAD3,SMAD4,ACTB,NF1,TGFBR1,FGFR1,GFAP	3.09e-09	HPO	Abnormality of the cervical spine
HP:0001263	MAPK1,TWIST1,BMP4,KRAS,WNT5A,STAT3,IGF1R,CDH2,TP53,PPARG,WNT1,SHH,FOS,FGF8,SOX2,SMAD4,CTNNB1,ACTB,NF1,MTOR,PTEN,TGFBR1,FGFR1,PAX6,AKT1	3.24e-09	HPO	Global developmental delay
HP:0002017	KRAS,TP53,ERBB2,SHH,HNF4A,FGF8,SMAD4,CTNNB1,NF1,PTEN,FGFR1,AKT1,GFAP,MYC	3.24e-09	HPO	Nausea and vomiting
HP:0000164	MAPK1,GLI1,TWIST1,KRAS,CDH1,WNT5A,STAT3,WNT1,SHH,WNT10B,FGF8,SMAD3,NF1,RUNX2,PTEN,BMP2,FGFR1,RHOA,AKT1	3.27e-09	HPO	Abnormality of the dentition
HP:0007379	SOX9,KRAS,CDH1,TP53,WT1,SMAD4,CTNNB1,NF1,PTEN,SRC,AKT1	3.35e-09	HPO	Neoplasm of the genitourinary tract
HP:0000568	BMP4,PXDN,KRAS,NOTCH1,SHH,FGF8,SOX2,SMAD4,ACTB,FGFR1,RHOA,PAX6	3.39e-09	HPO	Microphthalmia
HP:0002683	TWIST1,KRAS,STAT3,NOTCH1,WNT1,SMAD3,SMAD4,CTNNB1,ACTB,RUNX2,PTEN,TGFBR1,SNAI2,FGFR1,AKT1	3.39e-09	HPO	Abnormality of the calvaria
HP:0033353	NFKB1,JAG1,KRAS,SMAD2,NOTCH1,PPARG,WT1,SMAD3,SMAD4,NF1,PTEN,TGFBR1,BMP2,ESR1,AKT1	3.39e-09	HPO	Abnormal blood vessel morphology
HP:0002648	TWIST1,KRAS,STAT3,NOTCH1,WNT1,SMAD3,ACTB,RUNX2,PTEN,TGFBR1,SNAI2,FGFR1,AKT1	3.51e-09	HPO	Abnormality of calvarial morphology
HP:0002012	NFKB1,CCND1,TWIST1,JAG1,KRAS,STAT3,TP53,NOTCH1,PPARG,SHH,FOS,HNF4A,FGF8,WT1,SMAD4,CTNNB1,PTEN,FGFR1,CDKN2A,AKT1,MYC	4.62e-09	HPO	Abnormality of the abdominal organs
HP:0000272	TWIST1,BMP4,WNT5A,SHH,SMAD3,SMAD4,NF1,RUNX2,TGFBR1,FGFR1,RHOA	4.75e-09	HPO	Malar flattening
HP:0011800	TWIST1,BMP4,KRAS,WNT5A,SHH,SMAD4,ACTB,NF1,MTOR,RUNX2,BMP2,FGFR1	4.98e-09	HPO	Midface retrusion
HP:0000708	MAPK1,TWIST1,BMP4,KRAS,IGF1R,CDH2,TP53,PPARG,SHH,FOS,HNF4A,FGF8,SOX2,SMAD4,CTNNB1,ACTB,NF1,MTOR,RUNX2,PTEN,DKK1,BMP2,FGFR1,PAX6,PROM1,AKT1,GFAP	5.12e-09	HPO	Behavioral abnormality
HP:0009381	GLI1,BMP4,JAG1,WNT5A,NOTCH1,SOX2,SMAD4,MTOR,RUNX2,BMP2,FGFR1	5.8e-09	HPO	Short finger
HP:0003312	TWIST1,JAG1,WNT5A,WNT1,SHH,FGF8,SOX2,SMAD4,RUNX2,PTEN,FGFR1,AKT1	6.99e-09	HPO	Abnormal form of the vertebral bodies
HP:0000130	SOX9,CDH1,FGF8,SMAD3,CTNNB1,PTEN,SRC,TGFBR1,FGFR1,ESR1,AKT1	7.88e-09	HPO	Abnormality of the uterus
HP:0011329	TWIST1,KRAS,STAT3,WNT1,SMAD3,CTNNB1,ACTB,RUNX2,PTEN,TGFBR1,FGFR1,AKT1	7.88e-09	HPO	Abnormality of cranial sutures
HP:0007700	TWIST1,PXDN,JAG1,IGF1R,CDH2,WNT10B,WT1,NF1,PTEN,FGFR1,PAX6,AKT1	8.86e-09	HPO	Ocular anterior segment dysgenesis
HP:0009767	GLI1,BMP4,JAG1,WNT5A,NOTCH1,SHH,MTOR,RUNX2,BMP2,FGFR1	8.86e-09	HPO	Aplasia/Hypoplasia of the phalanges of the hand
HP:0000343	MAPK1,KRAS,WNT5A,IGF1R,CDH2,CTNNB1,ACTB,NF1,MTOR,PTEN,BMP2,SNAI2,FGFR1	1.05e-08	HPO	Long philtrum
EFO:0000508	NFKB1,TWIST1,BMP4,CDH1,WNT5A,NOTCH1,SHH,WNT10B,PTEN,FGFR1,RHOA,ESR1,AKT1	1.12e-08	HPO	Genetic disorder
HP:0100547	MAPK1,KRAS,CDH2,NOTCH1,WNT1,SHH,FGF8,SOX2,CTNNB1,ACTB,MTOR,PTEN,FGFR1,AKT1,GFAP	1.15e-08	HPO	Abnormality of forebrain morphology
HP:0000589	BMP4,KRAS,SHH,FGF8,SOX2,ACTB,NF1,PTEN,FGFR1,PAX6,AKT1	1.32e-08	HPO	Coloboma
HP:0001680	JAG1,KRAS,CDH2,NOTCH1,SHH,FGF8,WT1,SMAD4,FGFR1	1.32e-08	HPO	Coarctation of aorta
HP:0003117	SOX9,IGF1R,PPARG,SHH,FOS,HNF4A,FGF8,SOX2,WT1,NF1,FGFR1,ESR1,PROM1,AKT1	1.38e-08	HPO	Abnormal circulating hormone concentration
HP:0000036	GLI1,BMP4,SOX9,KRAS,WNT5A,SHH,FGF8,SOX2,WT1,SMAD4,MTOR,PTEN,FGFR1,PROM1,AKT1	1.43e-08	HPO	Abnormal penis morphology
HP:0002659	SOX9,KRAS,STAT3,TP53,WNT1,FGF8,CTNNB1,NF1,RUNX2,PTEN,FGFR1	1.43e-08	HPO	Increased susceptibility to fractures
HP:0004329	TWIST1,BMP4,JAG1,KRAS,STAT3,TP53,SHH,HNF4A,FGF8,SOX2,SMAD4,CTNNB1,ACTB,NF1,PTEN,FGFR1,RHOA,PAX6,CDKN2A,PROM1,AKT1	1.43e-08	HPO	Abnormal posterior eye segment morphology
HP:0011028	SMAD2,STAT3,TP53,NOTCH1,SMAD3,SMAD4,CTNNB1,NF1,PTEN,TGFBR1,AKT1,MYC	1.44e-08	HPO	Abnormality of blood circulation
HP:0003764	KRAS,WNT5A,ACTB,NF1,PTEN,FGFR1,CDKN2A,AKT1,GFAP	1.73e-08	HPO	Nevus
HP:0010786	SOX9,KRAS,TP53,WT1,CTNNB1,NF1,PTEN,SRC,AKT1	1.73e-08	HPO	Urinary tract neoplasm
HP:0005280	TWIST1,SOX9,JAG1,KRAS,WNT5A,CDH2,SHH,FGF8,SMAD4,NF1,MTOR,RUNX2,PTEN,FGFR1,AKT1	1.76e-08	HPO	Depressed nasal bridge
HP:0100545	JAG1,SMAD2,PPARG,SMAD3,SMAD4,NF1,TGFBR1,ESR1	1.97e-08	HPO	Arterial stenosis
HP:0100749	SMAD2,CDH2,WT1,SMAD3,SMAD4,CTNNB1,NF1,TGFBR1	2.16e-08	HPO	Chest pain
HP:0001824	CCND1,KRAS,STAT3,TP53,ERBB2,WT1,SMAD4,CTNNB1,NF1,PTEN,AKT1	2.3e-08	HPO	Weight loss
HP:0100526	KRAS,TP53,ERBB2,WT1,CTNNB1,PTEN,AKT1	2.3e-08	HPO	Neoplasm of the lung
HP:0002793	TWIST1,SOX9,SMAD2,TP53,SHH,FGF8,WT1,SMAD3,SMAD4,CTNNB1,RUNX2,DKK1,TGFBR1,BMP2,FGFR1,GFAP	2.73e-08	HPO	Abnormal pattern of respiration
HP:0012210	MAPK1,GLI1,BMP4,SOX9,JAG1,KRAS,WNT5A,SHH,HNF4A,FGF8,WT1,SMAD4,CTNNB1,ACTB,NF1,PTEN,FGFR1,AKT1	2.88e-08	HPO	Abnormal renal morphology
HP:0009997	GLI1,TWIST1,BMP4,WNT5A,SHH,FGF8,ACTB,PTEN,FGFR1	3.38e-08	HPO	Duplication of phalanx of hand
HP:0000365	TWIST1,BMP4,SOX9,KRAS,WNT5A,STAT3,WNT1,SOX2,SMAD4,CTNNB1,NF1,RUNX2,PTEN,DKK1,SNAI2,FGFR1,AKT1	3.69e-08	HPO	Hearing impairment
HP:0001871	MAPK1,NFKB1,CCND1,GLI1,KRAS,SMAD2,STAT3,TP53,NOTCH1,HNF4A,SMAD3,SMAD4,CTNNB1,NF1,MTOR,PTEN,SRC,TGFBR1,BCL2,AKT1,MYC	3.85e-08	HPO	Abnormality of blood and blood-forming tissues
HP:0000508	MAPK1,TWIST1,KRAS,WNT5A,STAT3,SHH,FGF8,SMAD4,ACTB,NF1,PTEN,SNAI2,FGFR1,PAX6,AKT1,GFAP	4.28e-08	HPO	Ptosis
HP:0001629	GLI1,JAG1,KRAS,IGF1R,NOTCH1,SHH,FGF8,SOX2,WT1,SMAD4,NF1,BMP2,FGFR1	4.37e-08	HPO	Ventricular septal defect
HP:0006101	TWIST1,BMP4,CDH1,WNT5A,NOTCH1,SHH,WNT10B,PTEN,FGFR1,AKT1	5.29e-08	HPO	Finger syndactyly
HP:0002757	SOX9,KRAS,STAT3,WNT1,FGF8,NF1,RUNX2,PTEN,FGFR1	6e-08	HPO	Recurrent fractures
HP:0012062	PPARG,FOS,NF1,PTEN,FGFR1,AKT1	6e-08	HPO	Bone cyst
HP:0002577	NFKB1,KRAS,CDH1,TP53,ERBB2,SMAD4,CTNNB1,SRC,CDKN2A,AKT1	6.09e-08	HPO	Abnormal stomach morphology
HP:0003330	SOX9,TP53,PPARG,WNT1,FOS,CTNNB1,NF1,RUNX2,PTEN,FGFR1,ESR1,AKT1	6.53e-08	HPO	Abnormal bone structure
HP:0011747	BMP4,SOX9,SHH,FGF8,SOX2,WT1,CTNNB1,FGFR1,ESR1,AKT1	7.02e-08	HPO	Abnormality of the anterior pituitary
HP:0030956	KRAS,CDH2,SHH,HNF4A,FGF8,SMAD3,NF1,PTEN,TGFBR1,BMP2,FGFR1,AKT1,GFAP	8.74e-08	HPO	Abnormality of cardiovascular system electrophysiology
HP:0030669	MAPK1,TWIST1,KRAS,CDH1,WNT5A,IGF1R,CDH2,SHH,WNT10B,FGF8,SMAD4,ACTB,NF1,PTEN,SNAI2,FGFR1,AKT1	8.8e-08	HPO	Abnormal ocular adnexa morphology
HP:0002665	NFKB1,CCND1,KRAS,STAT3,TP53,PTEN,BCL2,MYC	9.29e-08	HPO	Lymphoma
HP:0000820	BMP4,JAG1,STAT3,TP53,ERBB2,SHH,FGF8,CTNNB1,PTEN,FGFR1,AKT1,GFAP	9.55e-08	HPO	Abnormality of the thyroid gland
HP:0000356	MAPK1,TWIST1,BMP4,SOX9,PXDN,JAG1,KRAS,WNT5A,IGF1R,CDH2,SHH,FGF8,SMAD4,ACTB,NF1,PTEN,BMP2,FGFR1,AKT1	9.64e-08	HPO	Abnormality of the outer ear
HP:0000504	TWIST1,BMP4,KRAS,CDH1,TP53,SHH,FGF8,SOX2,SMAD4,CTNNB1,ACTB,NF1,PTEN,DKK1,FGFR1,RHOA,PAX6,PROM1,AKT1,GFAP	9.75e-08	HPO	Abnormality of vision
HP:0005266	TP53,ERBB2,SMAD4,CTNNB1,MTOR,PTEN,AKT1	1.02e-07	HPO	Intestinal polyp
HP:0009803	GLI1,BMP4,SOX9,JAG1,WNT5A,NOTCH1,MTOR,RUNX2,BMP2,FGFR1	1.09e-07	HPO	Short phalanx of finger
HP:0004349	SOX9,KRAS,STAT3,WNT1,HNF4A,FGF8,SMAD3,RUNX2,PTEN,SRC,FGFR1,ESR1,GFAP	1.15e-07	HPO	Reduced bone mineral density
HP:0012639	KRAS,STAT3,TP53,ERBB2,SHH,FGF8,SOX2,SMAD4,CTNNB1,NF1,PTEN,DKK1,FGFR1,AKT1,GFAP	1.21e-07	HPO	Abnormal nervous system morphology
HP:0000204	GLI1,KRAS,CDH1,WNT5A,SHH,FGF8,SMAD4,ACTB,FGFR1	1.38e-07	HPO	Cleft upper lip
HP:0009810	MAPK1,GLI1,TWIST1,BMP4,KRAS,WNT5A,SHH,SMAD3,NF1,PTEN,TGFBR1,FGFR1,AKT1	1.38e-07	HPO	Abnormality of upper limb joint
HP:0009726	SOX9,TP53,WT1,CTNNB1,NF1,PTEN,SRC,AKT1	1.4e-07	HPO	Renal neoplasm
HP:0012373	MAPK1,TWIST1,PXDN,KRAS,WNT5A,STAT3,SHH,FGF8,SMAD4,CTNNB1,ACTB,NF1,PTEN,SNAI2,FGFR1,RHOA,PAX6,PROM1,AKT1,GFAP	1.56e-07	HPO	Abnormal eye physiology
HP:0000174	TWIST1,BMP4,WNT5A,SHH,FGF8,SMAD3,SMAD4,RUNX2,PTEN,TGFBR1,FGFR1	1.64e-07	HPO	Abnormal palate morphology
HP:0000479	BMP4,JAG1,STAT3,TP53,SHH,HNF4A,FGF8,SMAD4,CTNNB1,ACTB,NF1,PTEN,FGFR1,PAX6,CDKN2A,PROM1,AKT1	1.77e-07	HPO	Abnormal retinal morphology
HP:0011029	SMAD2,TP53,SMAD3,SMAD4,CTNNB1,NF1,PTEN,TGFBR1,AKT1	1.78e-07	HPO	Internal hemorrhage
HP:0011276	MAPK1,NFKB1,KRAS,SMAD2,STAT3,NOTCH1,PPARG,FOS,SMAD3,SMAD4,PTEN,TGFBR1,AKT1	1.89e-07	HPO	Vascular skin abnormality
HP:0002750	GLI1,SOX9,KRAS,WNT5A,IGF1R,TP53,FGF8,PTEN,BMP2,FGFR1,ESR1	2.15e-07	HPO	Delayed skeletal maturation
HP:0010302	SHH,FGF8,CTNNB1,NF1,FGFR1	2.16e-07	HPO	Spinal cord tumor
HP:0100728	SOX9,CDH1,TP53,WT1,CTNNB1,AKT1	2.19e-07	HPO	Germ cell neoplasia
HP:0040069	GLI1,TWIST1,SOX9,WNT5A,TP53,WNT1,SHH,WNT10B,ACTB,NF1,RUNX2,BMP2,FGFR1	2.3e-07	HPO	Abnormal lower limb bone morphology
HP:0001328	JAG1,WNT5A,SHH,FGF8,SOX2,SMAD4,ACTB,NF1,MTOR,FGFR1	2.37e-07	HPO	Specific learning disability
HP:0004324	IGF1R,PPARG,HNF4A,FGF8,SOX2,SMAD4,CTNNB1,MTOR,PTEN,FGFR1,PROM1,AKT1	2.45e-07	HPO	Increased body weight
HP:0005120	MAPK1,GLI1,JAG1,KRAS,IGF1R,NOTCH1,WT1,SMAD3,SMAD4,NF1,TGFBR1,FGFR1	2.59e-07	HPO	Abnormal cardiac atrium morphology
HP:0012649	MAPK1,NFKB1,STAT3,TP53,PPARG,SHH,FGF8,SMAD3,SMAD4,CTNNB1,NF1,RUNX2,PTEN,TGFBR1,FGFR1,PAX6,ESR1,AKT1	2.8e-07	HPO	Increased inflammatory response
HP:0001677	SMAD2,PPARG,SMAD3,SMAD4,TGFBR1,ESR1	2.89e-07	HPO	Coronary artery atherosclerosis
HP:0000369	MAPK1,TWIST1,BMP4,SOX9,KRAS,WNT5A,IGF1R,CDH2,SMAD4,ACTB,NF1,PTEN,BMP2,FGFR1,AKT1	3.08e-07	HPO	Low-set ears
HP:0004209	TWIST1,BMP4,JAG1,KRAS,WNT5A,SHH,RUNX2,PTEN,BMP2,FGFR1,AKT1	3.12e-07	HPO	Clinodactyly of the 5th finger
HP:0001438	NFKB1,CCND1,KRAS,STAT3,TP53,NOTCH1,PPARG,FOS,HNF4A,WT1,SMAD3,SMAD4,CTNNB1,PTEN,AKT1	3.31e-07	HPO	Abnormal abdomen morphology
HP:0000347	MAPK1,TWIST1,BMP4,SOX9,KRAS,WNT5A,IGF1R,WNT1,ACTB,NF1,RUNX2,PTEN,TGFBR1,FGFR1,AKT1	3.64e-07	HPO	Micrognathia
HP:0031652	SMAD2,NOTCH1,WT1,SMAD3,SMAD4,ACTB,TGFBR1,FGFR1	3.96e-07	HPO	Abnormal aortic valve physiology
HP:0000490	JAG1,STAT3,IGF1R,CDH2,SHH,FGF8,SMAD4,SRC,FGFR1	4.26e-07	HPO	Deeply set eye
HP:0032263	SMAD2,TP53,NOTCH1,PPARG,WT1,SMAD3,SMAD4,CTNNB1,NF1,TGFBR1,GFAP	4.56e-07	HPO	Increased blood pressure
HP:0002060	MAPK1,KRAS,NOTCH1,WNT1,SHH,FGF8,SOX2,ACTB,MTOR,PTEN,FGFR1,GFAP	4.65e-07	HPO	Abnormal cerebral morphology
HP:0000324	TWIST1,BMP4,KRAS,NF1,PTEN,FGFR1,RHOA,AKT1	4.71e-07	HPO	Facial asymmetry
HP:0010651	KRAS,SMAD2,SHH,FGF8,SMAD3,SMAD4,TGFBR1,FGFR1	4.71e-07	HPO	Abnormal meningeal morphology
HP:0002242	KRAS,STAT3,TP53,ERBB2,SHH,FGF8,SMAD4,CTNNB1,MTOR,PTEN,SRC,SNAI2,FGFR1,AKT1,MYC	4.74e-07	HPO	Abnormal intestine morphology
HP:0004377	NFKB1,CCND1,GLI1,KRAS,STAT3,TP53,NF1,PTEN,BCL2,MYC	4.79e-07	HPO	Hematological neoplasm
HP:0001631	MAPK1,GLI1,JAG1,KRAS,IGF1R,WT1,SMAD3,SMAD4,NF1,TGFBR1,FGFR1	5.08e-07	HPO	Atrial septal defect
HP:0000772	GLI1,SOX9,JAG1,WNT1,SHH,FGF8,SOX2,SMAD4,ACTB,RUNX2	5.14e-07	HPO	Abnormal rib morphology
HP:0002027	KRAS,TP53,ERBB2,WT1,SMAD4,CTNNB1,NF1,ESR1,MYC	5.23e-07	HPO	Abdominal pain
HP:0008069	KRAS,TP53,CTNNB1,NF1,PTEN,SNAI2,FGFR1,CDKN2A,AKT1	5.23e-07	HPO	Neoplasm of the skin
HP:0001355	KRAS,SHH,FGF8,MTOR,PTEN,GFAP	5.41e-07	HPO	Megalencephaly
HP:0011061	KRAS,CDH1,WNT1,WNT10B,NF1,RUNX2,PTEN,FGFR1,RHOA,AKT1	5.66e-07	HPO	Abnormality of dental structure
HP:0001597	GLI1,BMP4,KRAS,CDH1,WNT5A,STAT3,NOTCH1,RUNX2,PTEN,BMP2,FGFR1,AKT1	5.69e-07	HPO	Abnormality of the nail
HP:0011458	CCND1,SOX9,KRAS,TP53,ERBB2,SHH,HNF4A,FGF8,SOX2,WT1,SMAD4,CTNNB1,ACTB,NF1,MTOR,PTEN,FGFR1,ESR1,AKT1,GFAP,MYC	5.82e-07	HPO	Abdominal symptom
HP:0012252	NFKB1,SOX9,KRAS,STAT3,TP53,ERBB2,SHH,SMAD4,NF1,RUNX2,FGFR1	6.15e-07	HPO	Abnormal respiratory system morphology
HP:0000767	KRAS,WNT5A,IGF1R,SMAD3,ACTB,NF1,PTEN,TGFBR1,BMP2,AKT1	6.25e-07	HPO	Pectus excavatum
HP:0011804	MAPK1,BMP4,SOX9,KRAS,STAT3,CDH2,TP53,NOTCH1,SHH,HNF4A,FGF8,SOX2,SMAD4,CTNNB1,ACTB,NF1,MTOR,PTEN,DKK1,BMP2,SNAI2,FGFR1,PAX6,AKT1,GFAP	6.88e-07	HPO	Abnormal muscle physiology
HP:0100835	TP53,SOX2,SMAD4,NF1,PTEN,FGFR1,AKT1	6.96e-07	HPO	Benign neoplasm of the central nervous system
HP:0002170	SMAD2,SMAD3,SMAD4,CTNNB1,NF1,PTEN,TGFBR1,AKT1	7.64e-07	HPO	Intracranial hemorrhage
HP:0003808	MAPK1,BMP4,SOX9,KRAS,STAT3,CDH2,TP53,NOTCH1,SHH,HNF4A,FGF8,SOX2,CTNNB1,ACTB,NF1,MTOR,PTEN,DKK1,BMP2,SNAI2,FGFR1,PAX6,GFAP	7.66e-07	HPO	Abnormal muscle tone
HP:0000348	MAPK1,TWIST1,BMP4,SOX9,KRAS,CDH1,SMAD3,ACTB,MTOR,FGFR1	8.24e-07	HPO	High forehead
HP:0100761	KRAS,SMAD4,PTEN,FGFR1,AKT1	8.3e-07	HPO	Visceral angiomatosis
HP:0000470	MAPK1,SOX9,KRAS,WNT5A,SHH,FGF8,SMAD4,ACTB,NF1,FGFR1,GFAP	8.37e-07	HPO	Short neck
HP:0000826	KRAS,PPARG,SHH,FOS,FGF8,SMAD4,NF1,GFAP	8.43e-07	HPO	Precocious puberty
HP:0011015	STAT3,TP53,PPARG,SHH,HNF4A,FGF8,CTNNB1,MTOR,PTEN,FGFR1	9.02e-07	HPO	Abnormal blood glucose concentration
HP:0001140	KRAS,PTEN,FGFR1,AKT1	1e-06	HPO	Limbal dermoid
HP:0002162	MAPK1,KRAS,CDH2,PPARG,FOS,ACTB,NF1	1e-06	HPO	Low posterior hairline
HP:0000147	SOX9,PPARG,FOS,PTEN,ESR1,AKT1	1.05e-06	HPO	Polycystic ovaries
HP:0000873	SHH,FGF8,SOX2,PTEN,FGFR1,AKT1	1.05e-06	HPO	Diabetes insipidus
HP:0002644	GLI1,TWIST1,SOX9,WNT5A,SHH,FGF8,SMAD4,NF1,RUNX2,PTEN,FGFR1,AKT1	1.05e-06	HPO	Abnormality of pelvic girdle bone morphology
HP:0009774	GLI1,TWIST1,WNT5A,SHH,ACTB,RUNX2,PTEN,BMP2,FGFR1	1.05e-06	HPO	Triangular shaped phalanges of the hand
HP:0009124	IGF1R,PPARG,FOS,SMAD4,ACTB,NF1,PTEN,FGFR1,AKT1	1.08e-06	HPO	Abnormal adipose tissue morphology
HP:0011843	MAPK1,GLI1,TWIST1,KRAS,WNT5A,STAT3,SHH,SOX2,SMAD4,CTNNB1,DKK1,FGFR1	1.15e-06	HPO	Abnormality of musculoskeletal physiology
HP:0000233	GLI1,JAG1,WNT5A,IGF1R,CDH2,SMAD4,CTNNB1,ACTB,MTOR,RUNX2,BMP2	1.18e-06	HPO	Thin vermilion border
HP:0004933	SMAD2,NOTCH1,SMAD3,SMAD4,TGFBR1	1.19e-06	HPO	Ascending aortic dissection
HP:0000494	MAPK1,KRAS,WNT5A,CDH2,SMAD4,ACTB,NF1,MTOR,PTEN,BMP2,FGFR1,AKT1	1.26e-06	HPO	Downslanted palpebral fissures
HP:0012378	CCND1,KRAS,TP53,HNF4A,SOX2,SMAD3,SMAD4,CTNNB1,NF1,FGFR1	1.5e-06	HPO	Fatigue
HP:0100834	KRAS,TP53,SMAD4,CTNNB1,PTEN,SRC,AKT1	1.61e-06	HPO	Neoplasm of the large intestine
HP:0100559	MAPK1,KRAS,ACTB,PTEN,AKT1	1.7e-06	HPO	Lower limb asymmetry
HP:0009804	GLI1,CDH1,WNT5A,SHH,WNT10B,FGF8,PTEN,FGFR1,RHOA,AKT1	1.81e-06	HPO	Tooth agenesis
HP:0031065	SOX9,FGF8,WT1,PTEN,FGFR1,ESR1,AKT1	1.83e-06	HPO	Abnormal ovarian morphology
HP:0200008	TP53,ERBB2,SMAD4,CTNNB1,PTEN,AKT1	1.91e-06	HPO	Intestinal polyposis
HP:0001012	SMAD4,NF1,PTEN,FGFR1,AKT1	2e-06	HPO	Multiple lipomas
HP:0001100	ACTB,NF1,PTEN,SNAI2,AKT1	2e-06	HPO	Heterochromia iridis
HP:0002624	TP53,PPARG,FOS,WT1,SMAD3,CTNNB1,PTEN,AKT1	2.04e-06	HPO	Abnormal venous morphology
HP:0003272	GLI1,SOX9,WNT5A,SHH,FGF8,SMAD4,NF1,RUNX2,PTEN,FGFR1,AKT1	2.14e-06	HPO	Abnormal hip bone morphology
HP:0011314	GLI1,TWIST1,JAG1,WNT5A,TP53,WNT1,SHH,SMAD4,NF1,RUNX2,PTEN,FGFR1,ESR1	2.15e-06	HPO	Abnormality of long bone morphology
HP:0011675	KRAS,SHH,FGF8,SMAD3,NF1,PTEN,TGFBR1,FGFR1,AKT1,GFAP	2.28e-06	HPO	Arrhythmia
HP:0002326	KRAS,SMAD2,SMAD3,SMAD4,ACTB,TGFBR1	2.29e-06	HPO	Transient ischemic attack
HP:0001048	KRAS,NOTCH1,SMAD4,PTEN,AKT1	2.33e-06	HPO	Cavernous hemangioma
HP:0001363	TWIST1,KRAS,STAT3,SMAD3,PTEN,TGFBR1,FGFR1,AKT1	2.33e-06	HPO	Craniosynostosis
HP:0002896	JAG1,KRAS,TP53,HNF4A,WT1,SMAD4,CTNNB1	2.33e-06	HPO	Neoplasm of the liver
HP:0003241	SOX9,WNT5A,SHH,FGF8,SOX2,WT1,SMAD4,ACTB,FGFR1,PROM1	2.33e-06	HPO	External genital hypoplasia
HP:0011004	JAG1,SMAD2,NOTCH1,PPARG,SMAD3,SMAD4,NF1,TGFBR1,ESR1	2.35e-06	HPO	Abnormal systemic arterial morphology
HP:0002977	BMP4,SOX9,WNT1,SHH,FGF8,SOX2,ACTB,PTEN,FGFR1,PAX6	2.37e-06	HPO	Aplasia/Hypoplasia involving the central nervous system
HP:0002104	TWIST1,SOX9,SHH,FGF8,CTNNB1,RUNX2,DKK1,BMP2,FGFR1,GFAP	2.44e-06	HPO	Apnea
HP:0002861	KRAS,TP53,SMAD4,PTEN,CDKN2A,AKT1	2.47e-06	HPO	Melanoma
HP:0012126	KRAS,CDH1,TP53,ERBB2,SMAD4	2.66e-06	HPO	Stomach cancer
HP:0001273	BMP4,KRAS,IGF1R,CDH2,SHH,FGF8,SOX2,CTNNB1,ACTB,NF1,MTOR,PTEN,FGFR1,PAX6,GFAP	2.68e-06	HPO	Abnormal corpus callosum morphology
HP:0001743	TWIST1,KRAS,NOTCH1,SHH,FGF8,WT1,FGFR1,MYC	2.74e-06	HPO	Abnormality of the spleen
HP:0001250	MAPK1,TWIST1,BMP4,KRAS,STAT3,CDH2,TP53,NOTCH1,SHH,HNF4A,FGF8,SOX2,SMAD4,CTNNB1,ACTB,NF1,MTOR,PTEN,FGFR1,AKT1,GFAP	2.87e-06	HPO	Seizure
HP:0001732	JAG1,KRAS,STAT3,TP53,PPARG,HNF4A,SMAD4,CDKN2A,MYC	2.87e-06	HPO	Abnormality of the pancreas
HP:0000481	BMP4,PXDN,JAG1,KRAS,SOX2,SMAD3,ACTB,NF1,PTEN,FGFR1,RHOA,PAX6,PROM1,AKT1	2.96e-06	HPO	Abnormal cornea morphology
HP:0002031	TP53,NOTCH1,SOX2,SMAD3,SMAD4,CTNNB1,TGFBR1,FGFR1	2.98e-06	HPO	Abnormal esophagus morphology
HP:0002500	BMP4,KRAS,IGF1R,CDH2,NOTCH1,SHH,FGF8,SOX2,CTNNB1,ACTB,NF1,MTOR,PTEN,FGFR1,PAX6,GFAP	3.02e-06	HPO	Abnormal cerebral white matter morphology
HP:0006740	KRAS,CTNNB1,PTEN,SRC,AKT1	3.06e-06	HPO	Transitional cell carcinoma of the bladder
HP:0000463	MAPK1,KRAS,WNT5A,IGF1R,SHH,FGF8,CTNNB1,ACTB,PTEN,BMP2,FGFR1,PROM1,AKT1	3.14e-06	HPO	Anteverted nares
HP:0001641	KRAS,NOTCH1,SHH,FGF8,TGFBR1,FGFR1	3.16e-06	HPO	Abnormal pulmonary valve morphology
HP:0000518	BMP4,PXDN,JAG1,NOTCH1,SMAD3,SMAD4,ACTB,NF1,PTEN,RHOA,PAX6,PROM1,AKT1	3.23e-06	HPO	Cataract
HP:0012733	MAPK1,KRAS,ACTB,NF1,PTEN,SNAI2,AKT1	3.23e-06	HPO	Macule
HP:0100659	JAG1,KRAS,SMAD2,SMAD3,SMAD4,CTNNB1,ACTB,NF1,PTEN,TGFBR1,AKT1	3.33e-06	HPO	Abnormal cerebral vascular morphology
HP:0000591	KRAS,WNT5A,WNT1,PTEN,TGFBR1,FGFR1,AKT1	3.41e-06	HPO	Abnormal sclera morphology
HP:0000692	MAPK1,TWIST1,WNT5A,WNT10B,RUNX2,PTEN,BMP2,FGFR1	3.49e-06	HPO	Tooth malposition
HP:0010669	KRAS,SHH,FGF8,RUNX2,FGFR1	3.49e-06	HPO	Hypoplasia of the zygomatic bone
HP:0012703	SMAD2,CDH2,SMAD3,SMAD4,TGFBR1	3.49e-06	HPO	Abnormal subarachnoid space morphology
HP:0001513	PPARG,HNF4A,FGF8,SOX2,SMAD4,CTNNB1,PTEN,FGFR1,PROM1,AKT1	3.51e-06	HPO	Obesity
HP:0010662	CDH2,SHH,FGF8,SOX2,CTNNB1,FGFR1,AKT1	3.57e-06	HPO	Abnormality of the diencephalon
HP:0001367	GLI1,TWIST1,SOX9,KRAS,WNT5A,SHH,FGF8,SOX2,SMAD3,SMAD4,PTEN,DKK1,FGFR1,AKT1	3.93e-06	HPO	Abnormal joint morphology
HP:0000965	SMAD2,NOTCH1,SMAD3,SMAD4,PTEN,TGFBR1	3.99e-06	HPO	Cutis marmorata
HP:0009800	PPARG,SHH,FGF8,SOX2,FGFR1	4.58e-06	HPO	Maternal diabetes
HP:0000322	TWIST1,WNT5A,CDH2,SHH,FGF8,SMAD4,RUNX2,FGFR1	4.64e-06	HPO	Short philtrum
HP:0001252	MAPK1,BMP4,SOX9,KRAS,STAT3,CDH2,SHH,HNF4A,FGF8,SOX2,CTNNB1,ACTB,NF1,MTOR,PTEN,BMP2,SNAI2,FGFR1,PAX6,GFAP	4.64e-06	HPO	Hypotonia
HP:0002315	TWIST1,TP53,SMAD3,SMAD4,CTNNB1,NF1,PTEN,DKK1,AKT1	4.76e-06	HPO	Headache
HP:0011106	SMAD2,STAT3,SMAD3,SMAD4,TGFBR1	5.19e-06	HPO	Hypovolemia
HP:0040070	TWIST1,JAG1,KRAS,WNT5A,NOTCH1,SHH,RUNX2,PTEN,BMP2,FGFR1,AKT1	5.19e-06	HPO	Abnormal upper limb bone morphology
HP:0001000	MAPK1,KRAS,ACTB,NF1,PTEN,FGFR1,PAX6,CDKN2A,AKT1,GFAP	5.52e-06	HPO	Abnormality of skin pigmentation
HP:0000821	BMP4,STAT3,SHH,FGF8,CTNNB1,PTEN,FGFR1,AKT1,GFAP	5.76e-06	HPO	Hypothyroidism
HP:0030255	TP53,SMAD4,CTNNB1,PTEN,AKT1	5.88e-06	HPO	Large intestinal polyposis
HP:0010566	SOX2,SMAD4,ACTB,NF1,PTEN,AKT1	5.89e-06	HPO	Hamartoma
HP:0002981	SOX9,TP53,WNT1,SHH,ACTB,NF1,FGFR1	6.14e-06	HPO	Abnormality of the calf
HP:0100568	JAG1,TP53,ERBB2,CTNNB1,NF1,PTEN,AKT1	6.14e-06	HPO	Neoplasm of the endocrine system
HP:0011805	BMP4,KRAS,WNT5A,STAT3,PPARG,SHH,FOS,FGF8,WT1,SMAD3,SMAD4,ACTB,NF1,MTOR,PTEN,DKK1,TGFBR1,FGFR1,AKT1,GFAP	6.27e-06	HPO	Abnormal skeletal muscle morphology
HP:4000059	GLI1,SHH,FGF8,WT1,PTEN,FGFR1,AKT1	6.44e-06	HPO	Abnormal lung development
HP:0012727	SMAD2,NOTCH1,SMAD3,SMAD4,TGFBR1	6.61e-06	HPO	Thoracic aortic aneurysm
HP:0000126	SOX9,KRAS,WNT5A,SHH,CTNNB1,ACTB,NF1,FGFR1	7.1e-06	HPO	Hydronephrosis
HP:0030163	TP53,NOTCH1,WNT1,SMAD4,CTNNB1,PTEN,FGFR1,AKT1	7.1e-06	HPO	Abnormal vascular physiology
HP:0000587	TWIST1,KRAS,TP53,SHH,FGF8,SOX2,CTNNB1,ACTB,PTEN,FGFR1,RHOA,PAX6,PROM1,AKT1	7.37e-06	HPO	Abnormality of the optic nerve
HP:0007360	GLI1,TWIST1,BMP4,KRAS,WNT1,SHH,FGF8,SOX2,PTEN,FGFR1,PAX6	7.59e-06	HPO	Aplasia/Hypoplasia of the cerebellum
HP:0003196	KRAS,WNT5A,SHH,FGF8,ACTB,MTOR,PTEN,BMP2,FGFR1	7.69e-06	HPO	Short nose
HP:0000044	SOX9,KRAS,FGF8,SOX2,CTNNB1,FGFR1,AKT1	7.79e-06	HPO	Hypogonadotropic hypogonadism
HP:0001647	SMAD2,NOTCH1,SMAD3,SMAD4,ACTB,TGFBR1	7.79e-06	HPO	Bicuspid aortic valve
HP:0031105	CDH1,SMAD3,CTNNB1,PTEN,SRC,TGFBR1,AKT1	7.79e-06	HPO	Abnormal uterus morphology
HP:0001172	GLI1,TWIST1,BMP4,WNT5A,ERBB2,SHH,ACTB,RUNX2,PTEN,FGFR1	7.89e-06	HPO	Abnormal thumb morphology
HP:0000505	TWIST1,BMP4,TP53,SHH,FGF8,SOX2,SMAD4,CTNNB1,ACTB,NF1,PTEN,FGFR1,RHOA,PAX6,PROM1,AKT1	8.05e-06	HPO	Visual impairment
HP:0100335	CDH1,SHH,FGF8,SMAD4,FGFR1	8.18e-06	HPO	Non-midline cleft lip
HP:0000664	IGF1R,CDH2,SHH,FGF8,BMP2,SNAI2,FGFR1	8.95e-06	HPO	Synophrys
HP:0002360	TWIST1,SHH,FGF8,SOX2,CTNNB1,RUNX2,DKK1,BMP2,FGFR1,AKT1,GFAP	9.26e-06	HPO	Sleep disturbance
HP:0000822	SMAD2,NOTCH1,PPARG,WT1,SMAD3,SMAD4,NF1,TGFBR1,GFAP	9.36e-06	HPO	Hypertension
HP:0001297	JAG1,KRAS,SMAD2,SMAD3,SMAD4,ACTB,TGFBR1	9.36e-06	HPO	Stroke
HP:0000407	TWIST1,BMP4,KRAS,ERBB2,SHH,WNT10B,FGF8,SOX2,CTNNB1,ACTB,DKK1,SNAI2,FGFR1,PROM1	9.39e-06	HPO	Sensorineural hearing impairment
HP:0011729	MAPK1,GLI1,TWIST1,KRAS,SHH,SOX2,SMAD4,CTNNB1,DKK1,FGFR1	1e-05	HPO	Abnormality of joint mobility
HP:0100790	SMAD2,WNT5A,NOTCH1,SHH,FGF8,WT1,SMAD3,SMAD4,MTOR,TGFBR1,FGFR1	1.02e-05	HPO	Hernia
HP:0000337	TWIST1,JAG1,KRAS,CDH2,RUNX2,PTEN,BMP2	1.08e-05	HPO	Broad forehead
HP:0000377	TWIST1,BMP4,JAG1,KRAS,CDH2,SHH,FGF8,SMAD4,ACTB,NF1,PTEN,FGFR1,AKT1	1.1e-05	HPO	Abnormality of the pinna
HP:0001933	MAPK1,NFKB1,KRAS,SMAD2,SMAD3,SMAD4,PTEN,TGFBR1	1.12e-05	HPO	Subcutaneous hemorrhage
HP:0000606	TWIST1,JAG1,KRAS,PPARG,FOS,ACTB,FGFR1	1.13e-05	HPO	Abnormality of the periorbital region
HP:0005819	BMP4,WNT5A,RUNX2,BMP2,FGFR1	1.14e-05	HPO	Short middle phalanx of finger
HP:0006703	GLI1,SHH,FGF8,WT1,FGFR1	1.14e-05	HPO	Aplasia/Hypoplasia of the lungs
HP:0000488	STAT3,SHH,HNF4A,FGF8,FGFR1,CDKN2A	1.15e-05	HPO	Retinopathy
HP:0010938	SOX9,SHH,FGF8,CTNNB1,ACTB,PTEN,FGFR1,RHOA,AKT1	1.16e-05	HPO	Abnormality of the external nose
HP:0001883	MAPK1,GLI1,SOX9,NOTCH1,SHH,FGF8,SMAD3,PTEN,TGFBR1,FGFR1	1.23e-05	HPO	Talipes
HP:0002094	SOX9,SMAD2,TP53,WT1,SMAD3,SMAD4,CTNNB1,RUNX2,TGFBR1,FGFR1	1.23e-05	HPO	Dyspnea
HP:0002438	GLI1,KRAS,SHH,FGF8,CTNNB1,DKK1,TGFBR1,FGFR1	1.23e-05	HPO	Cerebellar malformation
HP:0009832	GLI1,TWIST1,JAG1,WNT5A,NOTCH1,SHH,MTOR	1.23e-05	HPO	Abnormal distal phalanx morphology of finger
HP:0010935	STAT3,CTNNB1,ACTB,NF1	1.28e-05	HPO	Abnormality of the upper urinary tract
HP:0000647	BMP4,PXDN,SOX2,FGFR1,PAX6	1.39e-05	HPO	Sclerocornea
HP:0004942	SMAD2,NOTCH1,SMAD3,SMAD4,PTEN,TGFBR1	1.39e-05	HPO	Aortic aneurysm
HP:0000932	GLI1,KRAS,CDH2,WNT1,SHH,FGF8,DKK1,FGFR1	1.46e-05	HPO	Abnormal posterior cranial fossa morphology
HP:0001321	GLI1,TWIST1,BMP4,KRAS,WNT1,SHH,FGF8,PTEN,FGFR1,PAX6	1.46e-05	HPO	Cerebellar hypoplasia
HP:0003712	WNT5A,PPARG,FOS,SMAD4,ACTB,PTEN,AKT1	1.46e-05	HPO	Skeletal muscle hypertrophy
HP:0012795	TWIST1,KRAS,TP53,SHH,FGF8,CTNNB1,ACTB,PTEN,FGFR1,RHOA,PAX6,PROM1,AKT1	1.49e-05	HPO	Abnormality of the optic disc
HP:0001274	BMP4,KRAS,CDH2,SHH,FGF8,SOX2,ACTB,FGFR1,GFAP	1.52e-05	HPO	Agenesis of corpus callosum
HP:0000698	GLI1,CDH1,WNT10B,FGFR1,RHOA	1.53e-05	HPO	Conical tooth
HP:0004481	CTNNB1,PTEN,AKT1,GFAP	1.56e-05	HPO	Progressive macrocephaly
HP:0004959	SMAD2,SMAD3,SMAD4,TGFBR1	1.56e-05	HPO	Descending thoracic aorta aneurysm
HP:0100336	CDH1,SHH,FGF8,FGFR1	1.56e-05	HPO	Bilateral cleft lip
HP:0200146	SMAD2,SMAD3,SMAD4,TGFBR1	1.56e-05	HPO	Mucoid extracellular matrix accumulation
HP:0000193	BMP4,SHH,FGF8,SMAD3,SMAD4,TGFBR1,FGFR1	1.57e-05	HPO	Bifid uvula
HP:0003111	KRAS,TP53,SHH,HNF4A,FGF8,SMAD4,CTNNB1,NF1,FGFR1	1.62e-05	HPO	Abnormal blood ion concentration
HP:0001382	KRAS,STAT3,WNT1,SHH,FGF8,NF1,PTEN,TGFBR1,FGFR1	1.67e-05	HPO	Joint hypermobility
HP:0000431	MAPK1,TWIST1,KRAS,WNT5A,STAT3,IGF1R,ACTB,SNAI2,FGFR1,RHOA,PROM1	1.72e-05	HPO	Wide nasal bridge
HP:0001394	JAG1,TP53,NOTCH1,PPARG,FOS,SMAD4,CTNNB1	1.79e-05	HPO	Cirrhosis
HP:0002937	JAG1,WNT5A,SOX2,ACTB,FGFR1	1.83e-05	HPO	Hemivertebrae
HP:0000830	BMP4,SHH,FGF8,CTNNB1,FGFR1,AKT1	1.86e-05	HPO	Anterior hypopituitarism
HP:0001770	TWIST1,BMP4,SHH,WNT10B,SMAD4,BMP2,FGFR1,RHOA	1.86e-05	HPO	Toe syndactyly
HP:0004299	SMAD2,WNT5A,NOTCH1,SHH,FGF8,SMAD3,SMAD4,MTOR,TGFBR1,FGFR1	1.86e-05	HPO	Hernia of the abdominal wall
HP:0004408	SOX9,SHH,FGF8,SOX2,FGFR1,AKT1	1.86e-05	HPO	Abnormality of the sense of smell
HP:0005112	SMAD2,SMAD3,SMAD4,TGFBR1	1.86e-05	HPO	Abdominal aortic aneurysm
HP:0012163	SMAD2,SMAD3,SMAD4,TGFBR1	1.86e-05	HPO	Carotid artery dilatation
HP:0012763	SMAD2,SMAD3,SMAD4,TGFBR1	1.86e-05	HPO	Paroxysmal dyspnea
HP:0000768	GLI1,KRAS,WNT5A,SMAD3,ACTB,NF1,TGFBR1	1.92e-05	HPO	Pectus carinatum
HP:0001634	MAPK1,KRAS,SMAD3,SMAD4,NF1,TGFBR1	1.95e-05	HPO	Mitral valve prolapse
HP:0100538	TWIST1,JAG1,KRAS,PPARG,FOS,FGFR1	1.95e-05	HPO	Abnormality of the supraorbital ridges
HP:0001001	IGF1R,PPARG,PTEN,FGFR1,AKT1	1.97e-05	HPO	Abnormality of subcutaneous fat tissue
HP:0007440	KRAS,NF1,PTEN,PAX6,AKT1	1.97e-05	HPO	Generalized hyperpigmentation
HP:0010807	TWIST1,WNT5A,RUNX2,PTEN,BMP2	1.97e-05	HPO	Open bite
HP:0100242	TP53,CTNNB1,NF1,PTEN,SRC,CDKN2A,AKT1	1.98e-05	HPO	Sarcoma
HP:0000047	GLI1,BMP4,SOX9,KRAS,WNT5A,SOX2,SMAD4,MTOR,FGFR1	2.12e-05	HPO	Hypospadias
HP:0000953	MAPK1,KRAS,ACTB,NF1,PTEN,FGFR1,PAX6,AKT1	2.13e-05	HPO	Hyperpigmentation of the skin
HP:0002795	NOTCH1,WNT1,SHH,FGF8,WT1,SMAD4,MTOR,PTEN,FGFR1,AKT1	2.13e-05	HPO	Abnormal respiratory system physiology
HP:0000581	SOX9,KRAS,SHH,FGF8,SMAD4,FGFR1,RHOA	2.14e-05	HPO	Blepharophimosis
HP:0007370	BMP4,KRAS,IGF1R,CDH2,SHH,FGF8,SOX2,CTNNB1,ACTB,NF1,FGFR1,PAX6,GFAP	2.15e-05	HPO	Aplasia/Hypoplasia of the corpus callosum
HP:0010720	MAPK1,TWIST1,KRAS,CDH1,CDH2,PPARG,FOS,ACTB,NF1	2.15e-05	HPO	Abnormal hair pattern
HP:0012499	SMAD2,SMAD3,SMAD4,TGFBR1	2.16e-05	HPO	Descending aortic dissection
HP:0005692	KRAS,STAT3,SHH,FGF8,PTEN,TGFBR1,FGFR1	2.22e-05	HPO	Joint hyperflexibility
HP:0100022	TWIST1,JAG1,KRAS,CDH2,TP53,NOTCH1,SHH,HNF4A,FGF8,SOX2,CTNNB1,ACTB,NF1,MTOR,PTEN,DKK1,FGFR1,PAX6,PROM1,AKT1,GFAP	2.23e-05	HPO	Abnormality of movement
EFO:0000319	MAPK1,KRAS,TP53,SMAD3,SMAD4,NF1,TGFBR1,BMP2,ESR1	2.38e-05	HPO	Cardiovascular disease
HP:0000612	BMP4,KRAS,SHH,FGF8,SOX2,ACTB,FGFR1	2.41e-05	HPO	Iris coloboma
HP:0001531	NFKB1,KRAS,ERBB2,SHH,FGF8,FGFR1	2.54e-05	HPO	Failure to thrive in infancy
HP:0000054	BMP4,SOX9,WNT5A,CDH2,FGF8,SOX2,ACTB,FGFR1	2.55e-05	HPO	Micropenis
HP:0000557	TWIST1,PXDN,PTEN,AKT1	2.57e-05	HPO	Buphthalmos
HP:0008070	SOX9,KRAS,CDH1,IGF1R,NOTCH1,WNT10B,FGF8,SMAD4,FGFR1	2.83e-05	HPO	Sparse hair
HP:0100240	GLI1,TWIST1,KRAS,SOX2,SMAD4,DKK1,FGFR1	2.83e-05	HPO	Synostosis of joints
HP:0410042	JAG1,TP53,NOTCH1,PPARG,FOS,HNF4A,SMAD4,CTNNB1	2.88e-05	HPO	Abnormal liver morphology
HP:0005607	NFKB1,SOX9,KRAS,ERBB2,SMAD4,FGFR1	2.98e-05	HPO	Abnormal tracheobronchial morphology
HP:0100775	SMAD2,SMAD3,SMAD4,TGFBR1	3.02e-05	HPO	Dural ectasia
HP:0000400	BMP4,JAG1,KRAS,SHH,FGF8,PTEN,FGFR1,AKT1	3.04e-05	HPO	Macrotia
HP:0002992	SOX9,TP53,WNT1,SHH,ACTB,NF1	3.14e-05	HPO	Abnormality of tibia morphology
HP:0010535	TWIST1,CTNNB1,RUNX2,DKK1,BMP2,GFAP	3.14e-05	HPO	Sleep apnea
EFO:0003777	MAPK1,KRAS,SMAD3,SMAD4,NF1,TGFBR1,BMP2	3.27e-05	HPO	Heart disease
HP:0002686	SMAD2,PPARG,SMAD3,SMAD4,TGFBR1	3.27e-05	HPO	Prenatal maternal abnormality
HP:0010784	CDH1,CTNNB1,PTEN,SRC,AKT1	3.27e-05	HPO	Uterine neoplasm
HP:0002119	GLI1,BMP4,SOX9,KRAS,SHH,FGF8,CTNNB1,ACTB,MTOR,PTEN,FGFR1,PAX6	3.29e-05	HPO	Ventriculomegaly
HP:0000492	MAPK1,TWIST1,KRAS,CDH1,WNT5A,CDH2,SMAD4,ACTB,NF1,SNAI2,FGFR1	3.34e-05	HPO	Abnormal eyelid morphology
HP:0006487	GLI1,SOX9,KRAS,WNT1,SHH,NF1,RUNX2,FGFR1	3.4e-05	HPO	Bowing of the long bones
HP:0007957	BMP4,PXDN,JAG1,KRAS,SOX2,NF1,FGFR1,PAX6	3.4e-05	HPO	Corneal opacity
HP:0001943	TP53,SHH,HNF4A,FGF8,CTNNB1,MTOR,PTEN,FGFR1	3.59e-05	HPO	Hypoglycemia
HP:0003026	GLI1,SOX9,JAG1,SHH,SMAD4,RUNX2,BMP2,FGFR1	3.7e-05	HPO	Short long bone
HP:0000939	SOX9,WNT1,FGF8,SMAD3,RUNX2,SRC,FGFR1,ESR1	3.81e-05	HPO	Osteoporosis
HP:0000080	BMP4,SOX9,TP53,PPARG,FOS,FGF8,SMAD4,CTNNB1,FGFR1,PROM1,AKT1	3.82e-05	HPO	Abnormality of reproductive system physiology
HP:0000786	SOX9,PPARG,FGF8,WT1,FGFR1,ESR1	3.82e-05	HPO	Primary amenorrhea
HP:0100026	KRAS,NOTCH1,SMAD4,PTEN,AKT1	4.13e-05	HPO	Arteriovenous malformation
HP:0030448	TP53,CTNNB1,NF1,PTEN,SRC,AKT1	4.25e-05	HPO	Soft tissue sarcoma
HP:0000236	TWIST1,SOX9,WNT5A,WNT1,MTOR,RUNX2	4.46e-05	HPO	Abnormality of the anterior fontanelle
HP:0001161	GLI1,BMP4,SHH,FGF8,PTEN,FGFR1	4.46e-05	HPO	Hand polydactyly
HP:0001650	NOTCH1,WT1,SMAD4,ACTB,FGFR1	4.46e-05	HPO	Aortic valve stenosis
HP:0000159	MAPK1,IGF1R,SHH,WNT10B,FGF8,SMAD4,BMP2,FGFR1	4.49e-05	HPO	Abnormal lip morphology
HP:0000157	BMP4,SOX9,WNT5A,PPARG,FOS,ACTB,RUNX2,PTEN,AKT1	4.55e-05	HPO	Abnormality of the tongue
HP:0000039	GLI1,KRAS,WNT5A,SMAD4	4.67e-05	HPO	Epispadias
HP:0008501	WNT5A,SHH,FGF8,FGFR1	4.67e-05	HPO	Median cleft lip and palate
HP:0001087	TWIST1,PXDN,PTEN,PAX6,AKT1	4.76e-05	HPO	Developmental glaucoma
HP:0000534	MAPK1,KRAS,IGF1R,SHH,WNT10B,FGF8,SMAD4,ACTB,SNAI2,FGFR1	4.83e-05	HPO	Abnormal eyebrow morphology
HP:0001654	GLI1,KRAS,NOTCH1,SHH,FGF8,TGFBR1,FGFR1	4.99e-05	HPO	Abnormal heart valve morphology
HP:0000539	BMP4,JAG1,KRAS,IGF1R,CDH2,SMAD3,SMAD4,CTNNB1,NF1,PTEN,TGFBR1,RHOA,PAX6,AKT1	5e-05	HPO	Abnormality of refraction
HP:0000327	TWIST1,SMAD4,RUNX2,PTEN,FGFR1,AKT1	5.11e-05	HPO	Hypoplasia of the maxilla
HP:0001738	JAG1,KRAS,STAT3,HNF4A,SMAD4	5.11e-05	HPO	Exocrine pancreatic insufficiency
HP:0000135	BMP4,SOX9,TP53,FGF8,SMAD4,CTNNB1,FGFR1,PROM1	5.25e-05	HPO	Hypogonadism
HP:0000601	TWIST1,SHH,FGF8,NF1,SRC,FGFR1	5.32e-05	HPO	Hypotelorism
HP:0000834	BMP4,SOX9,TP53,CTNNB1,NF1,PTEN,AKT1	5.32e-05	HPO	Abnormality of the adrenal glands
HP:0000882	SOX9,ACTB,RUNX2,FGFR1	5.32e-05	HPO	Hypoplastic scapulae
HP:0002138	SMAD2,SMAD3,SMAD4,TGFBR1	5.32e-05	HPO	Subarachnoid hemorrhage
HP:0100555	KRAS,ACTB,PTEN,AKT1	5.32e-05	HPO	Asymmetric growth
HP:0001392	NFKB1,JAG1,KRAS,STAT3,TP53,NOTCH1,PPARG,FOS,HNF4A,WT1,SMAD4,CTNNB1,PTEN,MYC	5.36e-05	HPO	Abnormality of the liver
HP:0001643	KRAS,SMAD2,SOX2,WT1,SMAD3,SMAD4,ACTB,TGFBR1	5.66e-05	HPO	Patent ductus arteriosus
HP:0000278	BMP4,SMAD2,WNT5A,IGF1R,SMAD3,SMAD4,ACTB,TGFBR1	5.81e-05	HPO	Retrognathia
HP:0008736	SOX9,WNT5A,SHH,FGF8,SOX2,WT1,FGFR1,PROM1	5.97e-05	HPO	Hypoplasia of penis
HP:0010788	SOX9,TP53,PTEN,AKT1	6.05e-05	HPO	Testicular neoplasm
HP:0012650	SHH,FGF8,MTOR,PTEN	6.05e-05	HPO	Perisylvian polymicrogyria
HP:0000045	BMP4,SOX9,ACTB,PTEN,AKT1	6.26e-05	HPO	Abnormality of the scrotum
HP:0000995	KRAS,NF1,PTEN,AKT1,GFAP	6.26e-05	HPO	Melanocytic nevus
HP:0005584	CTNNB1,NF1,PTEN,SRC,AKT1	6.26e-05	HPO	Renal cell carcinoma
HP:0011787	SHH,FGF8,CTNNB1,FGFR1,AKT1	6.26e-05	HPO	Central hypothyroidism
HP:0030809	SOX9,WNT5A,PPARG,FOS,ACTB,RUNX2,PTEN,AKT1	6.37e-05	HPO	Abnormal tongue morphology
HP:0001031	PTEN,FGFR1,AKT1	6.55e-05	HPO	Subcutaneous lipoma
HP:0006774	CDH1,CTNNB1,AKT1	6.55e-05	HPO	Ovarian papillary adenocarcinoma
HP:0000055	SOX9,WNT5A,PPARG,FOS,WT1,ACTB	6.6e-05	HPO	Abnormality of female external genitalia
HP:0001010	KRAS,CTNNB1,NF1,MTOR,PTEN,SNAI2,AKT1	6.6e-05	HPO	Hypopigmentation of the skin
HP:0001482	CTNNB1,NF1,PTEN,FGFR1,AKT1	6.61e-05	HPO	Subcutaneous nodule
HP:0002516	TWIST1,CTNNB1,PTEN,DKK1,AKT1	6.61e-05	HPO	Increased intracranial pressure
HP:0011354	GLI1,KRAS,STAT3,IGF1R,PPARG,PTEN,SNAI2,FGFR1,AKT1	6.65e-05	HPO	Generalized abnormality of skin
HP:0001197	SOX9,KRAS,SMAD2,TP53,NOTCH1,PPARG,SHH,FGF8,SOX2,SMAD3,SMAD4,TGFBR1,FGFR1	6.74e-05	HPO	Abnormality of prenatal development or birth
HP:0002652	FGF8,ACTB,NF1,RUNX2,PTEN,FGFR1,AKT1	6.74e-05	HPO	Skeletal dysplasia
HP:0010978	NFKB1,KRAS,STAT3,TP53,SHH,FGF8,SMAD4,MTOR,PTEN,GFAP	6.74e-05	HPO	Abnormality of immune system physiology
HP:0009122	GLI1,TWIST1,SOX9,SOX2,ACTB,RUNX2,FGFR1	6.95e-05	HPO	Aplasia/hypoplasia affecting bones of the axial skeleton
HP:0000158	WNT5A,PPARG,FOS,ACTB,PTEN,AKT1	7.1e-05	HPO	Macroglossia
HP:0002039	CCND1,KRAS,TP53,SMAD4,CTNNB1	7.51e-05	HPO	Anorexia
HP:0011442	STAT3,TP53,NOTCH1,SHH,HNF4A,FGF8,SOX2,SMAD4,CTNNB1,NF1,MTOR,PTEN,DKK1,SNAI2,FGFR1,PAX6,CDKN2A,AKT1,GFAP	7.77e-05	HPO	Abnormal central motor function
HP:0002902	TP53,SHH,FGF8,CTNNB1,FGFR1	8.03e-05	HPO	Hyponatremia
HP:0004370	CCND1,STAT3,TP53,SHH,FGF8,WT1,CTNNB1,FGFR1,GFAP	8.03e-05	HPO	Abnormality of temperature regulation
HP:0002118	GLI1,KRAS,TP53,SHH,FGF8,NF1,FGFR1,GFAP	8.34e-05	HPO	Abnormal cerebral ventricle morphology
HP:0004930	KRAS,NOTCH1,WT1,SMAD4,TGFBR1,SNAI2,PAX6	8.47e-05	HPO	Abnormality of the pulmonary vasculature
HP:0007663	TWIST1,BMP4,SMAD4,CTNNB1,ACTB,PTEN,RHOA,PAX6,PROM1,AKT1	8.47e-05	HPO	Reduced visual acuity
HP:0009602	GLI1,TWIST1,WNT5A,SHH,ACTB,PTEN,FGFR1	8.47e-05	HPO	Abnormality of thumb phalanx
HP:0010442	GLI1,BMP4,SHH,FGF8,SOX2,PTEN,FGFR1	8.47e-05	HPO	Polydactyly
HP:0002866	GLI1,SOX9,SMAD4,RUNX2	8.48e-05	HPO	Hypoplastic iliac wing
HP:0000600	NFKB1,SOX9,TP53,SHH,FGFR1	8.5e-05	HPO	Abnormality of the pharynx
HP:0001659	SMAD2,NOTCH1,SMAD3,SMAD4,TGFBR1	8.5e-05	HPO	Aortic regurgitation
HP:0002582	NFKB1,KRAS,CDH1	8.84e-05	HPO	Atrophic gastritis
HP:0002617	SMAD2,STAT3,NOTCH1,SMAD3,SMAD4,PTEN,TGFBR1	9.24e-05	HPO	Vascular dilatation
HP:0004950	SMAD2,SMAD3,SMAD4,TGFBR1	9.52e-05	HPO	Peripheral arterial stenosis
HP:0012539	CCND1,TP53,BCL2,MYC	9.52e-05	HPO	Non-Hodgkin lymphoma
HP:0006711	GLI1,TWIST1,SOX9,ACTB,RUNX2,FGFR1	9.57e-05	HPO	Aplasia/Hypoplasia involving bones of the thorax
HP:0004796	KRAS,ERBB2,SMAD4,CTNNB1,MYC	9.65e-05	HPO	Gastrointestinal obstruction
HP:0000219	WNT5A,IGF1R,CDH2,SMAD4,CTNNB1,ACTB,MTOR,BMP2	0.0001	HPO	Thin upper lip vermilion
HP:0001269	NOTCH1,SHH,MTOR,FGFR1,AKT1	0.0001	HPO	Hemiparesis
HP:0002705	SMAD2,WNT5A,SMAD3,SMAD4,RUNX2,TGFBR1	0.0001	HPO	High, narrow palate
HP:0008873	GLI1,SOX9,WNT5A,WNT1,MTOR,FGFR1	0.0001	HPO	Disproportionate short-limb short stature
HP:0000528	BMP4,SHH,FGF8,SOX2,FGFR1	0.00011	HPO	Anophthalmia
HP:0001384	GLI1,SOX9,WNT5A,SHH,FGF8,PTEN,FGFR1,AKT1	0.00011	HPO	Abnormal hip joint morphology
HP:0002132	KRAS,NOTCH1,SHH,FGFR1	0.00011	HPO	Porencephalic cyst
HP:0100031	JAG1,TP53,ERBB2,PTEN,AKT1	0.00011	HPO	Neoplasm of the thyroid gland
HP:0000482	BMP4,PXDN,JAG1,KRAS,ACTB,PAX6	0.00012	HPO	Microcornea
HP:0010816	KRAS,PTEN,AKT1	0.00012	HPO	Epidermal nevus
HP:0012905	CDH1,WNT5A,ACTB	0.00012	HPO	Euryblepharon
HP:0000437	SHH,FGF8,ACTB,FGFR1	0.00013	HPO	Depressed nasal tip
HP:0001636	JAG1,NOTCH1,SHH,FGF8,WT1,FGFR1	0.00013	HPO	Tetralogy of Fallot
HP:0025104	WNT5A,NOTCH1,MTOR,FGFR1	0.00013	HPO	Capillary malformation
HP:0100491	GLI1,SOX9,KRAS,WNT5A,SHH,FGF8,SMAD3,PTEN,FGFR1,AKT1	0.00013	HPO	Abnormality of lower limb joint
EFO:0004324	CCND1,SNAI1,PXDN,POU5F1,MAPK3,WNT5A,IGF1R,TP53,WNT3A,PPARG,ANXA5,GSK3B,WT1,SMAD3,CTNNB1,PXDNL,ACTB,NF1,MTOR,NES,RUNX2,PTEN,BMP2,CCK,BCL2,FGFR1,RHOA,PAX6,ESR1,CDKN2A,AKT1	0.00014	HPO	Body weights and measures
HP:0000978	MAPK1,KRAS,SMAD2,SMAD3,SMAD4,TGFBR1	0.00014	HPO	Bruising susceptibility
HP:0001844	TWIST1,SHH,ACTB,BMP2,FGFR1,RHOA	0.00014	HPO	Abnormality of the hallux
HP:0002637	KRAS,SMAD2,SMAD3,SMAD4,CTNNB1,ACTB,TGFBR1	0.00014	HPO	Cerebral ischemia
HP:0005306	WNT5A,PTEN,FGFR1,AKT1	0.00014	HPO	Capillary hemangioma
HP:0012091	JAG1,KRAS,STAT3,PPARG,HNF4A,SMAD4	0.00014	HPO	Abnormality of pancreas physiology
HP:0001744	NFKB1,CCND1,KRAS,STAT3,NOTCH1,PPARG,SMAD4,PTEN,AKT1	0.00015	HPO	Splenomegaly
HP:0006493	TWIST1,SOX9,SHH,WNT10B,BMP2,FGFR1	0.00015	HPO	Aplasia/hypoplasia involving bones of the lower limbs
HP:0007375	MAPK1,KRAS,SHH,FGF8,SOX2,FGFR1	0.00015	HPO	Abnormality of the septum pellucidum
HP:0030872	SMAD2,WNT5A,SMAD3,SMAD4,TGFBR1	0.00015	HPO	Abnormal cardiac ventricular function
HP:0100621	CDH1,CTNNB1,AKT1	0.00015	HPO	Dysgerminoma
HP:0000526	WNT10B,WT1,NF1,PAX6	0.00016	HPO	Aniridia
HP:0025668	TWIST1,KRAS,SHH,FGF8,NF1,FGFR1	0.00016	HPO	Abnormal neck morphology
HP:0000260	TWIST1,SOX9,WNT5A,WNT1,MTOR	0.00017	HPO	Wide anterior fontanel
HP:0007400	MAPK1,KRAS,ACTB,PTEN,FGFR1,AKT1	0.00017	HPO	Irregular hyperpigmentation
HP:0000958	MAPK1,KRAS,WNT10B,SOX2,FGFR1,CDKN2A	0.00018	HPO	Dry skin
HP:0002230	MAPK1,TWIST1,PPARG,PTEN,AKT1	0.00018	HPO	Generalized hirsutism
HP:0003003	KRAS,TP53,SMAD4,CTNNB1	0.00018	HPO	Colon cancer
HP:0005487	MAPK1,TWIST1,STAT3,ACTB	0.00018	HPO	Prominent metopic ridge
HP:0030875	NOTCH1,WNT1,SMAD4,PTEN,FGFR1,AKT1	0.00018	HPO	Abnormality of pulmonary circulation
HP:0100012	TP53,NF1,PTEN,AKT1	0.00018	HPO	Neoplasm of the eye
EFO:0004343	CCND1,POU5F1,IGF1R,PPARG,WT1,SMAD3,ACTB,PTEN,BMP2,BCL2,FGFR1,RHOA,ESR1,CDKN2A	0.00019	HPO	Waist-hip ratio
HP:0000023	SMAD2,WNT5A,NOTCH1,SMAD3,SMAD4,TGFBR1,FGFR1	0.00019	HPO	Inguinal hernia
HP:0000040	PTEN,FGFR1,AKT1	0.00019	HPO	Long penis
HP:0000957	MAPK1,KRAS,NF1,MTOR,PTEN,AKT1	0.00019	HPO	Cafe-au-lait spot
HP:0001163	NOTCH1,RUNX2,PTEN,AKT1	0.00019	HPO	Abnormality of the metacarpal bones
HP:0006292	GLI1,WNT5A,STAT3,WNT10B,RUNX2,FGFR1,RHOA	0.00019	HPO	Abnormality of dental eruption
HP:0025270	MAPK1,TWIST1,STAT3,SHH,FGF8,WT1,ACTB,NF1,DKK1,FGFR1,GFAP	0.00019	HPO	Abnormal esophagus physiology
HP:0040188	SMAD3,ACTB,FGFR1	0.00019	HPO	Osteochondrosis
HP:0100560	ACTB,PTEN,AKT1	0.00019	HPO	Upper limb asymmetry
HP:0001072	KRAS,PPARG,FOS,FGF8,SMAD4,PTEN,FGFR1,ESR1,AKT1	0.0002	HPO	Thickened skin
HP:0030012	BMP4,PPARG,FOS,FGF8,FGFR1,AKT1	0.0002	HPO	Abnormal female reproductive system physiology
EFO:0004696	KRAS,STAT3,TP53,PPARG,HNF4A,NF1,MTOR,PTEN,BCL2,RHOA,ESR1	0.00021	HPO	Sex hormone-binding globulin measurement
HP:0000501	TWIST1,PXDN,NF1,PTEN,RHOA,PAX6,PROM1,AKT1	0.00021	HPO	Glaucoma
HP:0001373	SOX9,WNT5A,SHH,FGF8,PTEN,TGFBR1,FGFR1,AKT1	0.00021	HPO	Joint dislocation
HP:0002087	NFKB1,SOX9,TP53,SHH,NF1,RUNX2,FGFR1	0.00021	HPO	Abnormality of the upper respiratory tract
HP:0002827	SOX9,WNT5A,SHH,FGF8,PTEN,FGFR1,AKT1	0.00021	HPO	Hip dislocation
HP:0004944	SMAD2,SMAD3,SMAD4,TGFBR1	0.00021	HPO	Dilatation of the cerebral artery
HP:0009738	TWIST1,SHH,FGF8,FGFR1	0.00021	HPO	Abnormal antihelix morphology
HP:0010514	SOX9,WT1,CTNNB1,ESR1,AKT1	0.00021	HPO	Hyperpituitarism
HP:0100743	TP53,SMAD4,PTEN,AKT1	0.00021	HPO	Neoplasm of the rectum
HP:0001320	GLI1,BMP4,KRAS,SHH,FGF8,PTEN,FGFR1	0.00022	HPO	Cerebellar vermis hypoplasia
HP:0001873	NFKB1,KRAS,STAT3,TP53,NOTCH1,CTNNB1,MTOR,SRC	0.00022	HPO	Thrombocytopenia
HP:0002363	WNT1,SHH,FGF8,PTEN,DKK1,FGFR1,AKT1	0.00022	HPO	Abnormal brainstem morphology
HP:0000445	WNT5A,STAT3,ACTB,PTEN,FGFR1	0.00023	HPO	Wide nose
HP:0000771	SOX9,FGF8,PTEN,FGFR1,AKT1	0.00023	HPO	Gynecomastia
HP:0000956	PPARG,FOS,PTEN,ESR1	0.00023	HPO	Acanthosis nigricans
HP:0001763	MAPK1,SMAD2,FGF8,SMAD3,SMAD4,MTOR,TGFBR1,FGFR1	0.00023	HPO	Pes planus
HP:0002808	SOX9,KRAS,WNT1,ACTB,NF1,RUNX2,PTEN,AKT1,GFAP	0.00023	HPO	Kyphosis
HP:0009541	TWIST1,RUNX2,BMP2	0.00023	HPO	Abnormality of the phalanges of the 2nd finger
HP:0011407	PPARG,FOS,NF1	0.00023	HPO	Proportionate tall stature
HP:0025318	KRAS,SMAD4,PTEN	0.00023	HPO	Ovarian carcinoma
HP:0100596	SHH,FGF8,FGFR1	0.00023	HPO	Absent nares
HP:0100707	TP53,ERBB2,NF1,MTOR	0.00023	HPO	Abnormal astrocyte morphology
HP:0002350	GLI1,KRAS,SHH,FGF8,CTNNB1,FGFR1	0.00024	HPO	Cerebellar cyst
HP:0008187	SOX9,FGF8,FGFR1,ESR1	0.00024	HPO	Absence of secondary sex characteristics
HP:0009125	IGF1R,PPARG,FOS,FGFR1	0.00024	HPO	Lipodystrophy
HP:0002167	MAPK1,BMP4,KRAS,IGF1R,SHH,FGF8,CTNNB1,ACTB,NF1,MTOR,PTEN,DKK1,FGFR1,PAX6,AKT1,GFAP	0.00025	HPO	Neurological speech impairment
HP:0000093	STAT3,SHH,HNF4A,FGF8,WT1,NF1,FGFR1	0.00026	HPO	Proteinuria
HP:0002107	SMAD2,SMAD3,SMAD4,TGFBR1	0.00026	HPO	Pneumothorax
HP:0002967	MAPK1,GLI1,KRAS,NF1	0.00026	HPO	Cubitus valgus
HP:0100807	MAPK1,TWIST1,SMAD2,SMAD3,SMAD4,RUNX2,TGFBR1	0.00026	HPO	Long fingers
EFO:0004555	KRAS,CDH1,STAT3,TP53,PPARG,HNF4A,NF1,MTOR,PTEN,BCL2,RHOA,ESR1,CDKN2A	0.00028	HPO	Glycoprotein measurement
HP:0001528	KRAS,PTEN,AKT1	0.00028	HPO	Hemihypertrophy
HP:0006482	MAPK1,GLI1,KRAS,CDH1,WNT10B,FGFR1,RHOA	0.00028	HPO	Abnormality of dental morphology
HP:0010066	TWIST1,SHH,ACTB	0.00028	HPO	Duplication of phalanx of hallux
HP:0100871	KRAS,WNT5A,IGF1R,SMAD4,MTOR,PTEN,FGFR1,AKT1	0.00028	HPO	Abnormality of the palm
EFO:0004730	NFKB1,SOX9,KRAS,STAT3,LEF1,IGF1R,CDH2,TP53,PPARG,HNF4A,SMAD3,NF1,MTOR,PTEN,BCL2,RHOA,ESR1	0.00029	HPO	Hormone measurement
HP:0001387	SMAD4,ACTB,NF1,PTEN,DKK1,AKT1	0.00029	HPO	Joint stiffness
HP:0002040	TP53,NOTCH1,SMAD4,CTNNB1	0.00029	HPO	Esophageal varix
HP:0002558	KRAS,CDH2,ACTB,PTEN	0.00029	HPO	Supernumerary nipple
HP:0004396	KRAS,TP53,SMAD4,CTNNB1	0.00029	HPO	Poor appetite
EFO:0007788	CCND1,POU5F1,IGF1R,PPARG,SMAD3,ACTB,PTEN,BMP2,BCL2,RHOA,ESR1,CDKN2A	0.0003	HPO	BMI-adjusted waist-hip ratio
HP:0000141	PPARG,FOS,FGF8,FGFR1,AKT1	0.0003	HPO	Amenorrhea
HP:0000823	SOX9,STAT3,FGF8,CTNNB1,NF1,FGFR1	0.0003	HPO	Delayed puberty
HP:0005105	TWIST1,JAG1,SHH,FGF8,ACTB,FGFR1	0.0003	HPO	Abnormal nasal morphology
HP:0002910	NFKB1,JAG1,KRAS,TP53,HNF4A,SMAD4,CTNNB1	0.00032	HPO	Elevated hepatic transaminase
HP:0001642	KRAS,NOTCH1,SMAD3,NF1,BMP2	0.00033	HPO	Pulmonic stenosis
HP:0004437	SMAD4,PTEN,FGFR1,AKT1	0.00033	HPO	Cranial hyperostosis
HP:0000268	TWIST1,JAG1,KRAS,SMAD3,PTEN,AKT1	0.00034	HPO	Dolichocephaly
HP:0001231	GLI1,KRAS,WNT5A,STAT3,NOTCH1,RUNX2	0.00034	HPO	Abnormal fingernail morphology
HP:0001837	TWIST1,WNT5A,BMP2,FGFR1,RHOA	0.00034	HPO	Broad toe
HP:0002240	KRAS,STAT3,TP53,PPARG,FOS,HNF4A,WT1,SMAD4,CTNNB1,PTEN	0.00034	HPO	Hepatomegaly
HP:0004443	TWIST1,BMP4,KRAS	0.00034	HPO	Lambdoidal craniosynostosis
HP:0007206	KRAS,MTOR,PTEN	0.00034	HPO	Hemimegalencephaly
HP:0030078	KRAS,TP53,ERBB2	0.00034	HPO	Lung adenocarcinoma
HP:0033799	SOX9,FGF8,WT1,FGFR1,AKT1	0.00034	HPO	Abnormal circulating sex hormone concentration
HP:0000358	MAPK1,BMP4,KRAS,WNT5A,CDH2,NF1,BMP2,FGFR1	0.00035	HPO	Posteriorly rotated ears
EFO:0011008	NFKB1,KRAS,STAT3,LEF1,TP53,PPARG,HNF4A,NF1,MTOR,PTEN,BCL2,RHOA,ESR1	0.00037	HPO	Sex hormone measurement
HP:0000465	MAPK1,KRAS,IGF1R,ACTB,NF1	0.00038	HPO	Webbed neck
HP:0004279	KRAS,WNT5A,IGF1R,SMAD4,FGFR1	0.00038	HPO	Short palm
HP:0012368	TWIST1,SOX9,CDH1,WNT5A,FGFR1	0.00038	HPO	Flat face
HP:0000303	PPARG,FOS,SMAD4,RUNX2,PTEN,FGFR1	0.00039	HPO	Mandibular prognathia
HP:0009883	TWIST1,WNT5A,SHH	0.0004	HPO	Duplication of the distal phalanx of hand
HP:0011386	TWIST1,PTEN,AKT1	0.0004	HPO	Narrow internal auditory canal
HP:0012050	TP53,SMAD4,CTNNB1	0.0004	HPO	Anasarca
HP:0410067	KRAS,ERBB2,SMAD4	0.0004	HPO	Increased level of L-fucose in urine
HP:0003187	FGF8,ACTB,FGFR1,ESR1	0.00041	HPO	Breast hypoplasia
HP:0000286	MAPK1,TWIST1,KRAS,WNT5A,SHH,FGF8,ACTB,NF1,FGFR1	0.00043	HPO	Epicanthus
HP:0000545	BMP4,JAG1,KRAS,CTNNB1,NF1,PTEN,TGFBR1,RHOA,AKT1	0.00044	HPO	Myopia
HP:0000458	SHH,FGF8,SOX2,FGFR1	0.00045	HPO	Anosmia
HP:0002751	SOX9,KRAS,ACTB,NF1,PTEN,AKT1	0.00048	HPO	Kyphoscoliosis
HP:0005561	CCND1,GLI1,CTNNB1,SRC,MYC	0.00049	HPO	Abnormality of bone marrow cell morphology
HP:0010161	TWIST1,SOX9,SHH,ACTB,FGFR1	0.00049	HPO	Abnormality of the phalanges of the toes
HP:0031481	MAPK1,NOTCH1,SMAD3,SMAD4,NF1	0.00049	HPO	Abnormal mitral valve physiology
HP:0000189	TWIST1,WNT5A,RUNX2,PTEN	0.00051	HPO	Narrow palate
HP:0000453	TWIST1,CDH1,SHH,FGF8,FGFR1	0.00051	HPO	Choanal atresia
HP:0012385	WNT5A,SHH,FGF8,SMAD3,SMAD4,TGFBR1,FGFR1	0.00053	HPO	Camptodactyly
HP:0001007	MAPK1,TWIST1,PPARG,PTEN,BCL2,AKT1	0.00054	HPO	Hirsutism
HP:0000689	WNT10B,SMAD3,BMP2,FGFR1,RHOA	0.00055	HPO	Dental malocclusion
HP:0001053	NF1,MTOR,PTEN,SNAI2,AKT1	0.00055	HPO	Hypopigmented skin patches
HP:0004220	WNT5A,RUNX2,BMP2	0.00055	HPO	Short middle phalanx of the 5th finger
HP:0011219	WNT10B,RUNX2,FGFR1	0.00055	HPO	Short face
HP:0012286	CDH2,SOX2,CTNNB1	0.00055	HPO	Abnormal hypothalamus morphology
HP:0012337	MAPK1,KRAS,STAT3,TP53,PPARG,HNF4A,WT1,SMAD4,CTNNB1,PTEN,AKT1	0.00055	HPO	Abnormal homeostasis
HP:0012432	KRAS,SMAD3,SMAD4	0.00055	HPO	Chronic fatigue
HP:0000682	WNT10B,RUNX2,PTEN,FGFR1,RHOA,AKT1	0.00057	HPO	Abnormal dental enamel morphology
HP:0000684	GLI1,WNT5A,STAT3,WNT10B,RUNX2,FGFR1	0.00057	HPO	Delayed eruption of teeth
HP:0002269	CDH2,SHH,FGF8,ACTB,MTOR,PTEN,FGFR1,PAX6,AKT1	0.00058	HPO	Abnormality of neuronal migration
HP:0011368	KRAS,PPARG,FOS,FGF8,PTEN,FGFR1,ESR1,AKT1	0.00058	HPO	Epidermal thickening
HP:0012285	SHH,FGF8,FGFR1,AKT1	0.00058	HPO	Abnormal hypothalamus physiology
EFO:0007996	NFKB1,PPARG,SMAD3,PTEN,BCL2	0.00059	HPO	Eosinophil percentage of granulocytes
HP:0001251	STAT3,FGF8,SMAD4,CTNNB1,NF1,PTEN,DKK1,SNAI2,FGFR1,PAX6,AKT1,GFAP	0.0006	HPO	Ataxia
HP:0001511	GLI1,JAG1,STAT3,IGF1R,SHH,HNF4A,FGF8,SMAD4,FGFR1	0.0006	HPO	Intrauterine growth retardation
HP:0002890	JAG1,TP53,PTEN,AKT1	0.00062	HPO	Thyroid carcinoma
HP:0009891	TWIST1,JAG1,KRAS,FGFR1	0.00062	HPO	Underdeveloped supraorbital ridges
HP:0011032	MAPK1,KRAS,STAT3,TP53,WT1,SMAD4,CTNNB1,PTEN,AKT1	0.00062	HPO	Abnormality of fluid regulation
HP:0000824	SHH,FGF8,SOX2,FGFR1,AKT1	0.00063	HPO	Decreased response to growth hormone stimulation test
HP:0004390	SMAD4,PTEN,AKT1	0.00063	HPO	Hamartomatous polyposis
HP:0005293	TP53,CTNNB1,PTEN	0.00063	HPO	Venous insufficiency
HP:0008675	PTEN,ESR1,AKT1	0.00063	HPO	Enlarged polycystic ovaries
HP:0008678	GLI1,BMP4,JAG1,SHH,FGF8,NF1,FGFR1	0.00063	HPO	Renal hypoplasia/aplasia
HP:0010654	SHH,FGF8,FGFR1	0.00063	HPO	Aplasia of the falx cerebri
HP:0012806	SHH,FGF8,FGFR1	0.00063	HPO	Proboscis
HP:0002553	MAPK1,IGF1R,SHH,FGF8,ACTB,FGFR1	0.00064	HPO	Highly arched eyebrow
HP:0000677	WNT5A,WNT10B,FGFR1,RHOA	0.00065	HPO	Oligodontia
HP:0002894	KRAS,TP53,SMAD4,CDKN2A	0.00065	HPO	Neoplasm of the pancreas
HP:0410030	BMP4,SHH,FGF8,SMAD4	0.00065	HPO	Cleft lip
HP:0002979	GLI1,SOX9,KRAS,WNT1,NF1,RUNX2	0.00068	HPO	Bowing of the legs
HP:0003418	KRAS,SMAD4,CTNNB1,AKT1	0.00069	HPO	Back pain
HP:0000691	MAPK1,GLI1,WNT10B,FGFR1,RHOA	0.00071	HPO	Microdontia
HP:0001739	TP53,SHH,FGFR1	0.00071	HPO	Abnormal nasopharynx morphology
HP:0002000	TWIST1,SHH,ACTB	0.00071	HPO	Short columella
HP:0002034	TP53,SMAD4,CTNNB1,PTEN,AKT1	0.00071	HPO	Abnormal rectum morphology
HP:0002410	NF1,FGFR1,GFAP	0.00071	HPO	Aqueductal stenosis
HP:0003302	SMAD3,RUNX2,BMP2	0.00071	HPO	Spondylolisthesis
HP:0006725	KRAS,SMAD4,CDKN2A	0.00071	HPO	Pancreatic adenocarcinoma
HP:0009592	TP53,ERBB2,NF1	0.00071	HPO	Astrocytoma
HP:0009594	NF1,PTEN,AKT1	0.00071	HPO	Retinal hamartoma
EFO:0004842	NFKB1,JAG1,SMAD2,TP53,PPARG,HNF4A,SMAD3,RUNX2,PTEN,BCL2,CDKN2A	0.00072	HPO	Eosinophil count
HP:0002239	NOTCH1,SMAD4,CTNNB1,PTEN,MYC	0.00073	HPO	Gastrointestinal hemorrhage
HP:0009466	WNT5A,IGF1R,SMAD4,BMP2	0.00073	HPO	Radial deviation of finger
HP:0030063	TP53,ERBB2,CTNNB1,NF1	0.00073	HPO	Neuroepithelial neoplasm
HP:0004414	KRAS,NOTCH1,TGFBR1,SNAI2,PAX6	0.00075	HPO	Abnormality of the pulmonary artery
HP:0000739	MAPK1,IGF1R,CDH2,SHH,FGF8,NF1,FGFR1	0.00076	HPO	Anxiety
HP:0009811	MAPK1,GLI1,KRAS,WNT5A,NF1,FGFR1	0.00076	HPO	Abnormality of the elbow
HP:0002308	KRAS,DKK1,TGFBR1,FGFR1	0.00077	HPO	Chiari malformation
HP:0012110	WNT1,SHH,FGF8,PTEN	0.00077	HPO	Hypoplasia of the pons
HP:0000863	SHH,FGF8,CTNNB1	0.0008	HPO	Central diabetes insipidus
HP:0009932	SHH,FGF8,FGFR1	0.0008	HPO	Single naris
HP:0001337	HNF4A,FGF8,CTNNB1,NF1,PTEN,FGFR1,PAX6,AKT1,GFAP	0.00081	HPO	Tremor
HP:0002105	SMAD2,SMAD3,SMAD4,TGFBR1	0.00082	HPO	Hemoptysis
HP:0025356	BMP4,PPARG,FOS,SOX2,FGFR1	0.00084	HPO	Psychomotor retardation
EFO:0009552	TP53,SMAD3,NF1,ESR1	0.00087	HPO	Hemorrhoid
HP:0002672	SMAD4,CTNNB1,SRC,AKT1	0.00087	HPO	Gastrointestinal carcinoma
HP:0006481	STAT3,WNT10B,FGFR1,RHOA	0.00087	HPO	Abnormality of primary teeth
HP:0009826	GLI1,JAG1,WNT5A,ACTB,MTOR,FGFR1	0.00087	HPO	Limb undergrowth
HP:0040171	SOX9,FGF8,FGFR1,AKT1	0.00087	HPO	Decreased serum testosterone concentration
HP:0100836	TP53,ERBB2,CTNNB1,NF1	0.00087	HPO	Malignant neoplasm of the central nervous system
HP:0002721	NFKB1,TP53,ACTB,PTEN,AKT1,MYC	0.00088	HPO	Immunodeficiency
HP:0000969	MAPK1,KRAS,TP53,WT1,SMAD4,CTNNB1,PTEN,AKT1	0.00089	HPO	Edema
HP:0005815	SOX2,ACTB,RUNX2	0.00089	HPO	Supernumerary ribs
HP:0005916	TWIST1,SHH,RUNX2,BMP2,FGFR1	0.00089	HPO	Abnormal metacarpal morphology
HP:0008921	GLI1,SOX9,WNT1	0.00089	HPO	Neonatal short-limb short stature
HP:0009720	KRAS,PTEN,AKT1	0.00089	HPO	Adenoma sebaceum
HP:0009794	SHH,FGF8,FGFR1	0.00089	HPO	Branchial anomaly
HP:0009914	SHH,FGF8,FGFR1	0.00089	HPO	Cyclopia
HP:0012032	PTEN,FGFR1,AKT1	0.00089	HPO	Lipoma
HP:0031860	SHH,FGF8,FGFR1	0.00089	HPO	Abnormal heart rate variability
HP:0001004	MAPK1,KRAS,PTEN,AKT1	0.0009	HPO	Lymphedema
EFO:0004344	IGF1R,TP53,WNT3A,WT1,SMAD3,ESR1	0.00092	HPO	Birth weight
HP:0004472	PTEN,AKT1	0.00092	HPO	Mandibular hyperostosis
HP:0007403	PTEN,AKT1	0.00092	HPO	Hypertrophy of skin of soles
HP:0001822	TWIST1,PTEN,BMP2,AKT1	0.00095	HPO	Hallux valgus
HP:0007565	KRAS,NF1,PTEN,AKT1	0.00095	HPO	Multiple cafe-au-lait spots
HP:0010614	CTNNB1,NF1,PTEN,AKT1	0.00095	HPO	Fibroma
